subject,scan,n_blinks,mean_blink_dur,median_blink_dur,n_microsleeps
134627,REST1,222,2309.7972972972975,402.0,67
134627,REST4,557,417.24775583482943,170.0,30
134627,MOV1,320,1320.221875,172.5,44
134627,MOV2,398,497.52261306532665,123.0,22
134627,MOV3,491,278.89205702647655,145.0,12
134627,MOV4,640,197.4015625,130.0,14
966975,REST1,391,1698.3580562659847,141.0,87
966975,REST4,1123,498.39447907390917,61.0,98
966975,MOV1,499,306.5751503006012,51.0,29
966975,MOV2,995,270.93467336683415,73.0,47
966975,MOV3,692,225.29768786127167,67.0,24
966975,MOV4,597,183.4891122278057,43.0,23
187345,REST1,34,31891.0,1408.0,18
187345,REST4,1060,376.9650943396226,201.0,37
187345,MOV1,1365,347.88864468864466,213.0,72
187345,MOV2,1142,181.4859894921191,161.0,12
187345,MOV3,512,1069.724609375,212.0,49
187345,MOV4,348,2219.919540229885,209.0,42
182436,REST1,515,406.852427184466,237.0,47
182436,REST4,352,412.65909090909093,197.5,33
182436,MOV1,447,354.9776286353468,286.0,19
182436,MOV2,591,251.06091370558374,252.0,7
182436,MOV3,377,419.16710875331563,211.0,20
182436,MOV4,441,251.11337868480726,219.0,6
172130,REST1,158,401.8481012658228,200.5,11
172130,REST4,318,1439.446540880503,309.5,53
172130,MOV1,955,602.0460732984293,107.0,152
172130,MOV2,94,904.468085106383,191.5,14
172130,MOV3,230,1006.0956521739131,183.5,20
172130,MOV4,232,1111.728448275862,186.0,24
617748,REST1,54,230.9814814814815,238.0,0
617748,REST4,68,158.60294117647058,108.0,0
617748,MOV1,173,395.3468208092485,268.0,5
617748,MOV2,152,422.32894736842104,233.0,3
617748,MOV3,128,219.046875,52.0,6
617748,MOV4,276,216.22101449275362,136.5,13
771354,REST1,1827,155.8680897646415,48.0,31
771354,REST4,627,243.50877192982455,216.0,2
771354,MOV1,1841,236.44866920152091,107.0,63
771354,MOV2,1256,425.73964968152865,244.5,74
771354,MOV3,1050,175.62,156.0,1
771354,MOV4,1150,144.7608695652174,139.5,0
146937,REST1,5,161.8,185.0,0
146937,REST4,351,208.41595441595442,195.0,0
146937,MOV1,547,572.4003656307129,228.0,40
146937,MOV2,1,159280.0,159280.0,1
146937,MOV3,467,628.5995717344754,216.0,37
146937,MOV4,796,947.0854271356784,68.5,150
320826,REST1,1,1075046.0,1075046.0,1
320826,REST4,1,1084226.0,1084226.0,1
320826,MOV1,1,1013710.0,1013710.0,1
320826,MOV2,1,1003553.0,1003553.0,1
320826,MOV3,1,995241.0,995241.0,1
320826,MOV4,1,982107.0,982107.0,1
958976,REST1,1367,423.7893196781273,39.0,114
958976,REST4,221,292.29864253393663,220.0,6
958976,MOV1,1302,209.27726574500767,65.0,36
958976,MOV2,1562,182.21830985915494,22.0,69
958976,MOV3,281,713.6405693950178,221.0,39
958976,MOV4,423,333.6666666666667,153.0,32
381038,REST1,578,199.69896193771626,69.5,14
381038,REST4,294,185.65986394557822,177.0,2
381038,MOV1,674,235.27151335311572,50.0,31
381038,MOV2,1071,178.17553688141925,38.0,32
381038,MOV3,350,263.54,209.0,10
381038,MOV4,381,363.005249343832,193.0,23
192641,REST1,429,401.6340326340326,314.0,15
192641,REST4,472,315.1398305084746,299.0,1
192641,MOV1,452,418.2699115044248,323.5,19
192641,MOV2,510,370.04901960784315,228.5,18
192641,MOV3,714,333.16946778711485,227.0,28
192641,MOV4,674,286.43620178041544,203.0,20
185442,REST1,288,853.1215277777778,189.5,2
185442,REST4,608,804.1052631578947,205.0,65
185442,MOV1,523,168.4206500956023,146.0,1
185442,MOV2,464,163.50215517241378,142.0,0
185442,MOV3,628,175.37420382165604,153.0,0
185442,MOV4,604,310.0629139072848,216.0,26
380036,REST1,332,265.4096385542169,237.5,2
380036,REST4,283,612.2720848056537,215.0,39
380036,MOV1,216,299.212962962963,233.0,4
380036,MOV2,195,267.65641025641025,222.0,4
380036,MOV3,207,481.8647342995169,171.0,5
380036,MOV4,193,539.1968911917098,199.0,11
205220,REST1,455,388.36483516483514,240.0,24
205220,REST4,790,1221.7848101265822,230.5,191
205220,MOV1,620,832.0064516129032,291.0,103
205220,MOV2,530,223.78301886792454,192.0,5
205220,MOV3,538,1159.174721189591,211.0,87
205220,MOV4,760,513.953947368421,176.0,73
156334,REST1,275,404.8218181818182,157.0,25
156334,REST4,461,298.73752711496746,155.0,22
156334,MOV1,274,1811.5912408759125,220.5,77
156334,MOV2,224,3210.5401785714284,161.5,48
156334,MOV3,322,1182.6180124223602,153.0,57
156334,MOV4,338,390.1656804733728,135.5,22
389357,REST1,101,148.1980198019802,163.0,0
389357,REST4,430,135.3046511627907,79.0,0
389357,MOV1,412,266.28155339805824,103.0,25
389357,MOV2,236,153.58050847457628,68.0,7
389357,MOV3,301,308.46179401993356,59.0,5
389357,MOV4,254,119.31889763779527,68.0,4
144226,REST1,856,279.82593457943926,278.0,0
144226,REST4,853,288.0164126611958,243.0,19
144226,MOV1,1101,190.8437783832879,194.0,6
144226,MOV2,1089,234.20661157024793,188.0,24
144226,MOV3,873,170.05154639175257,168.0,4
144226,MOV4,972,154.84670781893004,161.0,3
360030,REST1,303,136.74587458745876,138.0,0
360030,REST4,368,163.20923913043478,162.0,0
360030,MOV1,484,157.08264462809916,154.0,0
360030,MOV2,396,151.06060606060606,142.5,1
360030,MOV3,485,192.48865979381443,149.0,2
360030,MOV4,475,220.98105263157893,155.0,4
100610,REST1,307,177.33224755700326,137.0,6
100610,REST4,209,184.41148325358853,182.0,0
100610,MOV1,311,179.32797427652733,148.0,4
100610,MOV2,154,152.74025974025975,145.5,0
100610,MOV3,190,173.2842105263158,158.0,0
100610,MOV4,250,209.924,181.0,1
165436,REST1,61,161.24590163934425,122.0,1
165436,REST4,186,126.36559139784946,120.0,0
165436,MOV1,271,90.08856088560886,94.0,0
165436,MOV2,275,88.25454545454545,88.0,1
165436,MOV3,213,131.69953051643193,108.0,1
165436,MOV4,262,120.87022900763358,92.0,1
118225,REST1,423,299.11347517730496,297.0,1
118225,REST4,1140,262.8359649122807,69.0,28
118225,MOV1,616,267.2386363636364,253.5,17
118225,MOV2,1290,392.51937984496124,51.5,140
118225,MOV3,855,220.4701754385965,200.0,11
118225,MOV4,1577,131.05009511731134,27.0,21
352738,REST1,71,8185.3239436619715,250.0,17
352738,REST4,100,756.48,102.5,2
352738,MOV1,240,126.2625,39.0,3
352738,MOV2,216,113.25925925925925,42.5,2
352738,MOV3,198,273.3181818181818,103.5,8
352738,MOV4,169,157.02958579881656,30.0,3
102311,REST1,0,,,0
102311,REST4,557,745.0520646319569,55.0,58
102311,MOV1,255,3907.4980392156863,51.0,57
102311,MOV2,36,27848.527777777777,37.5,8
102311,MOV3,573,415.0732984293194,126.0,24
102311,MOV4,416,868.5144230769231,185.0,47
146432,REST1,456,1078.1907894736842,137.5,78
146432,REST4,352,862.6534090909091,225.0,93
146432,MOV1,669,316.85949177877427,173.0,28
146432,MOV2,517,174.67117988394585,155.0,7
146432,MOV3,373,477.4932975871314,134.0,27
146432,MOV4,368,490.58152173913044,142.0,39
130518,REST1,273,2167.4139194139193,88.0,53
130518,REST4,136,6852.073529411765,210.5,38
130518,MOV1,269,919.3159851301115,133.0,44
130518,MOV2,225,731.3377777777778,125.0,32
130518,MOV3,53,1165.433962264151,240.0,8
130518,MOV4,172,2343.593023255814,266.5,39
200210,REST1,0,,,0
200210,REST4,122,312.45081967213116,196.5,9
200210,MOV1,0,,,0
200210,MOV2,0,,,0
200210,MOV3,144,236.57638888888889,84.0,9
200210,MOV4,176,280.65909090909093,71.5,11
878776,REST1,446,180.62331838565024,173.5,0
878776,REST4,453,139.27814569536423,156.0,0
878776,MOV1,365,147.8876712328767,143.0,0
878776,MOV2,342,150.25438596491227,143.0,0
878776,MOV3,756,86.19179894179894,81.5,1
878776,MOV4,541,98.14417744916821,108.0,1
193845,REST1,97,205.91752577319588,162.0,1
193845,REST4,148,193.21621621621622,144.0,3
193845,MOV1,575,388.7095652173913,162.0,49
193845,MOV2,633,1000.8404423380726,438.0,177
193845,MOV3,618,468.7928802588997,196.0,69
193845,MOV4,234,140.74358974358975,128.0,0
572045,REST1,745,1009.5208053691275,152.0,146
572045,REST4,517,1674.5357833655705,252.0,107
572045,MOV1,709,347.17489421720734,214.0,42
572045,MOV2,593,486.212478920742,236.0,53
572045,MOV3,879,935.7986348122867,410.0,215
572045,MOV4,707,1216.8373408769448,408.0,220
111312,REST1,569,271.67662565905096,227.0,12
111312,REST4,0,,,0
111312,MOV1,618,218.5728155339806,224.0,1
111312,MOV2,578,191.5051903114187,177.0,1
111312,MOV3,530,172.34716981132075,155.5,0
111312,MOV4,548,156.57299270072994,138.0,1
201515,REST1,82,389.3414634146341,149.5,6
201515,REST4,170,215.74117647058824,119.0,7
201515,MOV1,99,362.7070707070707,123.0,6
201515,MOV2,65,383.96923076923076,129.0,7
201515,MOV3,106,199.80188679245282,123.0,4
201515,MOV4,116,178.22413793103448,125.5,3
573249,REST1,516,334.6162790697674,224.5,28
573249,REST4,418,179.26315789473685,155.0,2
573249,MOV1,994,642.8189134808853,167.0,159
573249,MOV2,602,1066.654485049834,207.5,115
573249,MOV3,741,170.2901484480432,109.0,12
573249,MOV4,1962,263.9622833843017,24.0,140
825048,REST1,189,195.58201058201058,188.0,0
825048,REST4,510,147.99019607843138,140.5,0
825048,MOV1,628,219.89012738853503,173.0,8
825048,MOV2,644,324.1972049689441,227.0,15
825048,MOV3,705,187.7659574468085,128.0,12
825048,MOV4,794,152.32241813602016,126.0,5
203418,REST1,404,132.29207920792078,89.5,4
203418,REST4,336,69.5922619047619,65.0,1
203418,MOV1,598,78.1438127090301,77.0,0
203418,MOV2,672,77.29017857142857,77.0,0
203418,MOV3,1690,70.4337278106509,30.0,11
203418,MOV4,2775,68.79207207207207,27.0,15
393247,REST1,246,2910.0243902439024,192.0,40
393247,REST4,284,293.09859154929575,161.0,16
393247,MOV1,692,311.7080924855491,184.0,17
393247,MOV2,420,674.6261904761905,183.0,43
393247,MOV3,359,541.6044568245126,177.0,11
393247,MOV4,331,507.89728096676737,178.0,10
406836,REST1,82,186.65853658536585,199.5,0
406836,REST4,66,197.3030303030303,191.5,0
406836,MOV1,215,175.27441860465117,38.0,5
406836,MOV2,287,250.794425087108,44.0,15
406836,MOV3,98,199.07142857142858,186.0,1
406836,MOV4,107,175.4018691588785,178.0,1
162935,REST1,337,121.81008902077151,104.0,1
162935,REST4,515,100.97864077669902,96.0,0
162935,MOV1,309,114.51132686084142,100.0,0
162935,MOV2,261,142.13793103448276,120.0,1
162935,MOV3,551,163.48094373865698,100.0,13
162935,MOV4,378,183.88888888888889,138.0,13
128935,REST1,808,291.5532178217822,172.0,38
128935,REST4,396,203.87121212121212,188.5,3
128935,MOV1,1737,374.98215313759357,47.0,178
128935,MOV2,1351,420.1139896373057,87.0,145
128935,MOV3,479,336.7849686847599,182.0,29
128935,MOV4,579,337.61312607944734,162.0,28
581450,REST1,506,2073.310276679842,72.0,95
581450,REST4,691,832.1490593342982,141.0,108
581450,MOV1,1303,607.4297774366846,95.0,243
581450,MOV2,605,244.72561983471076,206.0,2
581450,MOV3,739,425.2530446549391,156.0,58
581450,MOV4,570,484.1421052631579,186.5,35
789373,REST1,167,297.03592814371257,222.0,6
789373,REST4,357,799.6358543417367,263.0,65
789373,MOV1,267,193.57303370786516,134.0,7
789373,MOV2,324,230.08333333333334,139.5,11
789373,MOV3,537,291.8957169459963,149.0,18
789373,MOV4,590,630.0813559322033,96.0,55
467351,REST1,273,247.78388278388277,62.0,15
467351,REST4,21,251.33333333333334,201.0,0
467351,MOV1,373,97.05093833780161,20.0,3
467351,MOV2,186,57.24193548387097,9.0,1
467351,MOV3,98,163.89795918367346,143.5,1
467351,MOV4,88,136.72727272727272,82.5,0
562345,REST1,417,1148.5395683453237,147.0,88
562345,REST4,222,3388.7072072072074,187.0,56
562345,MOV1,299,902.5351170568562,128.0,52
562345,MOV2,237,953.0337552742616,151.0,48
562345,MOV3,114,955.640350877193,127.5,16
562345,MOV4,45,747.7111111111111,210.0,4
195041,REST1,370,159.72702702702702,203.0,0
195041,REST4,427,189.50351288056206,216.0,1
195041,MOV1,581,267.6919104991394,224.0,27
195041,MOV2,500,591.09,240.0,71
195041,MOV3,503,193.46918489065607,199.0,3
195041,MOV4,443,824.4604966139955,265.0,70
145834,REST1,0,,,0
145834,REST4,167,4324.526946107784,67.0,23
145834,MOV1,618,373.8187702265372,63.5,64
145834,MOV2,888,616.5022522522522,35.0,149
145834,MOV3,273,769.4578754578755,160.0,40
145834,MOV4,229,1356.659388646288,319.0,48
214524,REST1,145,158.20689655172413,157.0,0
214524,REST4,143,150.6993006993007,149.0,0
214524,MOV1,367,152.13896457765668,144.0,2
214524,MOV2,638,133.70532915360502,120.5,4
214524,MOV3,338,209.4940828402367,158.0,7
214524,MOV4,232,183.0301724137931,149.0,2
171633,REST1,851,144.16803760282022,126.0,3
171633,REST4,1409,165.07735982966642,123.0,24
171633,MOV1,914,160.6422319474836,140.0,3
171633,MOV2,778,167.73521850899743,132.0,6
171633,MOV3,1209,272.32092638544253,114.0,11
171633,MOV4,837,429.78136200716847,161.0,9
169040,REST1,0,,,0
169040,REST4,438,1230.2511415525114,99.0,65
169040,MOV1,0,,,0
169040,MOV2,0,,,0
169040,MOV3,241,575.5145228215767,155.0,29
169040,MOV4,211,2110.5829383886257,135.0,36
654552,REST1,570,333.47719298245613,171.0,30
654552,REST4,499,194.64128256513027,132.0,10
654552,MOV1,437,676.9244851258582,144.0,50
654552,MOV2,430,623.413953488372,123.0,33
654552,MOV3,351,507.2079772079772,98.0,22
654552,MOV4,281,310.19928825622776,76.0,9
175237,REST1,316,2038.6962025316457,306.0,79
175237,REST4,104,402.86538461538464,264.0,9
175237,MOV1,316,188.6360759493671,192.0,0
175237,MOV2,605,1039.1454545454546,48.0,107
175237,MOV3,175,252.02857142857144,187.0,6
175237,MOV4,150,381.6066666666667,217.5,12
871762,REST1,970,698.4680412371134,222.5,156
871762,REST4,811,241.06535141800248,194.0,10
871762,MOV1,1261,658.4639175257732,34.0,234
871762,MOV2,2555,97.00743639921723,19.0,31
871762,MOV3,769,278.1040312093628,189.0,25
871762,MOV4,572,442.6206293706294,192.0,52
167440,REST1,655,324.0610687022901,220.0,31
167440,REST4,658,232.8920972644377,218.0,3
167440,MOV1,931,188.0,167.0,9
167440,MOV2,803,241.02864259028644,184.0,19
167440,MOV3,798,245.74185463659148,173.0,18
167440,MOV4,774,242.98062015503876,188.0,17
346137,REST1,0,,,0
346137,REST4,468,1642.8397435897436,78.0,67
346137,MOV1,484,349.90909090909093,86.5,25
346137,MOV2,239,667.3138075313808,172.0,8
346137,MOV3,591,351.3705583756345,197.0,23
346137,MOV4,710,302.6591549295775,188.0,29
547046,REST1,379,343.78891820580475,321.0,14
547046,REST4,651,231.83870967741936,163.0,7
547046,MOV1,743,679.5679676985195,47.0,91
547046,MOV2,197,4634.812182741117,74.0,23
547046,MOV3,873,699.4341351660939,40.0,98
547046,MOV4,693,1112.4646464646464,20.0,58
212419,REST1,0,,,0
212419,REST4,0,,,0
212419,MOV1,515,346.37087378640774,71.0,39
212419,MOV2,658,774.2507598784194,115.5,100
212419,MOV3,964,149.08298755186723,35.0,16
212419,MOV4,448,122.03125,65.0,3
148133,REST1,471,1302.4288747346072,248.0,38
148133,REST4,557,513.7289048473967,213.0,30
148133,MOV1,1043,215.07861936720997,209.0,1
148133,MOV2,1070,164.9691588785047,155.0,1
148133,MOV3,904,181.5796460176991,136.0,8
148133,MOV4,924,130.08982683982683,110.0,4
401422,REST1,7,219.57142857142858,141.0,0
401422,REST4,353,157.05665722379604,138.0,2
401422,MOV1,424,189.6061320754717,133.0,5
401422,MOV2,376,191.52659574468086,130.0,8
401422,MOV3,1126,493.4511545293073,233.0,167
401422,MOV4,797,666.6649937264742,277.0,139
365343,REST1,1802,192.78301886792454,161.0,30
365343,REST4,780,165.66538461538462,150.5,0
365343,MOV1,1576,124.05203045685279,80.0,15
365343,MOV2,972,171.82716049382717,146.0,9
365343,MOV3,639,157.39123630672927,141.0,0
365343,MOV4,615,173.9739837398374,152.0,3
644246,REST1,332,282.5421686746988,280.0,0
644246,REST4,379,240.7994722955145,236.0,2
644246,MOV1,371,318.5660377358491,289.0,3
644246,MOV2,361,294.5096952908587,270.0,2
644246,MOV3,185,224.61621621621623,232.0,0
644246,MOV4,277,190.4259927797834,213.0,0
585256,REST1,289,2785.138408304498,161.0,39
585256,REST4,363,1631.793388429752,169.0,42
585256,MOV1,175,4723.137142857143,164.0,26
585256,MOV2,0,,,0
585256,MOV3,402,936.7587064676617,138.5,43
585256,MOV4,394,458.0939086294416,136.0,25
192439,REST1,635,389.3433070866142,306.0,25
192439,REST4,434,223.15437788018434,207.0,0
192439,MOV1,574,782.4163763066202,281.0,85
192439,MOV2,1153,389.26105810928016,182.0,93
192439,MOV3,468,243.36324786324786,186.0,10
192439,MOV4,570,431.15263157894736,214.5,54
199655,REST1,274,3085.7627737226276,74.0,28
199655,REST4,301,605.1794019933554,30.0,18
199655,MOV1,445,621.1685393258427,59.0,42
199655,MOV2,1056,391.9109848484849,17.0,46
199655,MOV3,446,556.780269058296,50.0,23
199655,MOV4,658,1155.1732522796353,70.0,103
173334,REST1,540,898.1092592592593,175.5,91
173334,REST4,369,1118.7750677506774,232.0,91
173334,MOV1,1084,311.5673431734317,32.0,62
173334,MOV2,1284,253.9532710280374,20.0,61
173334,MOV3,521,373.2591170825336,73.0,23
173334,MOV4,754,246.69230769230768,23.0,29
251833,REST1,244,822.6598360655738,159.5,28
251833,REST4,390,100.7025641025641,67.5,1
251833,MOV1,363,518.8457300275483,151.0,38
251833,MOV2,205,134.0341463414634,120.0,1
251833,MOV3,613,334.8531810766721,156.0,43
251833,MOV4,537,1054.024208566108,29.0,69
818859,REST1,1057,143.47303689687794,64.0,13
818859,REST4,667,692.6041979010495,234.0,101
818859,MOV1,1011,128.86251236399605,83.0,9
818859,MOV2,637,106.70015698587127,97.0,1
818859,MOV3,624,437.69070512820514,182.0,30
818859,MOV4,508,403.9271653543307,141.0,15
209228,REST1,286,180.02797202797203,105.0,6
209228,REST4,386,148.9559585492228,107.0,2
209228,MOV1,204,101.77450980392157,98.0,0
209228,MOV2,172,132.9360465116279,104.0,1
209228,MOV3,469,136.33262260127933,114.0,3
209228,MOV4,524,153.90076335877862,99.0,7
164636,REST1,93,104.01075268817205,103.0,0
164636,REST4,41,125.17073170731707,84.0,1
164636,MOV1,70,129.95714285714286,118.0,0
164636,MOV2,98,130.29591836734693,113.0,0
164636,MOV3,87,133.11494252873564,117.0,1
164636,MOV4,107,182.84112149532712,109.0,1
680957,REST1,914,558.7669584245076,312.0,92
680957,REST4,1336,387.50748502994014,278.0,88
680957,MOV1,980,271.71122448979594,237.0,14
680957,MOV2,1025,252.36878048780488,225.0,23
680957,MOV3,1287,413.3076923076923,223.0,81
680957,MOV4,1100,511.75636363636363,234.5,82
221319,REST1,32,30300.5625,414.5,10
221319,REST4,3,330623.6666666667,6269.0,2
221319,MOV1,215,2769.9767441860463,274.0,50
221319,MOV2,148,5263.743243243243,276.5,39
221319,MOV3,6,167533.66666666666,89879.0,5
221319,MOV4,10,98056.2,47054.0,7
395756,REST1,1202,116.94093178036606,121.0,0
395756,REST4,572,250.3409090909091,172.0,1
395756,MOV1,1874,99.0581643543223,55.0,2
395756,MOV2,1633,81.94182486221678,41.0,0
395756,MOV3,894,225.48769574944072,154.5,7
395756,MOV4,915,222.35409836065574,146.0,4
146735,REST1,147,146.87074829931973,148.0,0
146735,REST4,207,248.40579710144928,180.0,6
146735,MOV1,290,163.09655172413792,166.0,0
146735,MOV2,257,148.58365758754863,152.0,0
146735,MOV3,315,188.74920634920636,176.0,2
146735,MOV4,285,168.140350877193,170.0,0
105923,REST1,210,1843.1142857142856,261.0,57
105923,REST4,160,287.475,178.0,8
105923,MOV1,198,200.67676767676767,160.0,3
105923,MOV2,153,242.7058823529412,157.0,3
105923,MOV3,103,336.70873786407765,165.0,6
105923,MOV4,96,339.9791666666667,152.0,5
814649,REST1,399,166.52130325814537,148.0,4
814649,REST4,562,244.7455516014235,228.5,10
814649,MOV1,527,173.47438330170777,143.0,5
814649,MOV2,493,214.84584178498986,150.0,8
814649,MOV3,553,215.5515370705244,193.0,10
814649,MOV4,581,258.5456110154905,179.0,21
130114,REST1,37,240.8918918918919,160.0,2
130114,REST4,67,341.3731343283582,162.0,7
130114,MOV1,81,118.8641975308642,121.0,0
130114,MOV2,60,141.16666666666666,134.0,0
130114,MOV3,98,530.8673469387755,133.5,9
130114,MOV4,82,376.219512195122,138.0,6
943862,REST1,273,2647.3919413919416,1041.0,138
943862,REST4,146,166.13013698630138,105.0,1
943862,MOV1,303,812.2871287128713,160.0,48
943862,MOV2,188,503.22340425531917,102.0,15
943862,MOV3,264,218.5151515151515,99.5,5
943862,MOV4,268,159.78731343283582,91.0,5
751550,REST1,438,117.5730593607306,88.5,0
751550,REST4,360,336.6638888888889,153.0,28
751550,MOV1,667,209.43778110944527,96.0,14
751550,MOV2,754,192.38594164456234,98.5,15
751550,MOV3,504,613.4761904761905,137.5,78
751550,MOV4,516,391.7422480620155,133.0,37
169747,REST1,481,465.71309771309774,236.0,53
169747,REST4,499,413.0100200400802,245.0,35
169747,MOV1,374,397.4866310160428,222.5,24
169747,MOV2,528,276.9015151515151,201.0,12
169747,MOV3,492,539.609756097561,236.5,55
169747,MOV4,472,549.2521186440678,225.0,57
436845,REST1,861,236.58536585365854,23.0,32
436845,REST4,438,349.5068493150685,279.0,10
436845,MOV1,736,725.3233695652174,232.5,90
436845,MOV2,496,1350.5423387096773,239.5,84
436845,MOV3,717,368.64993026499303,246.0,43
436845,MOV4,606,362.5115511551155,262.0,31
318637,REST1,547,156.0109689213894,151.0,3
318637,REST4,439,201.48291571753987,145.0,11
318637,MOV1,410,188.7658536585366,185.0,1
318637,MOV2,520,204.4403846153846,184.0,4
318637,MOV3,563,149.46181172291296,140.0,5
318637,MOV4,699,192.60801144492132,133.0,13
283543,REST1,236,1207.3813559322034,291.0,64
283543,REST4,245,801.3387755102041,260.0,46
283543,MOV1,166,2555.602409638554,255.0,54
283543,MOV2,300,493.34,198.0,11
283543,MOV3,173,1738.1156069364163,176.0,32
283543,MOV4,149,852.0671140939597,190.0,8
125525,REST1,158,6486.354430379747,951.0,76
125525,REST4,614,900.6498371335505,366.5,130
125525,MOV1,381,1256.8372703412074,503.0,105
125525,MOV2,409,1006.5207823960881,508.0,84
125525,MOV3,803,572.4856787048568,289.0,101
125525,MOV4,580,412.42413793103447,272.0,29
899885,REST1,672,931.1636904761905,373.5,131
899885,REST4,723,190.18672199170123,34.0,5
899885,MOV1,1220,565.9622950819672,23.5,152
899885,MOV2,1125,745.3306666666666,44.0,195
899885,MOV3,1115,280.21973094170403,62.0,53
899885,MOV4,1056,402.96022727272725,55.5,68
757764,REST1,171,249.09941520467837,274.0,0
757764,REST4,397,328.639798488665,152.0,22
757764,MOV1,518,144.81853281853282,30.0,7
757764,MOV2,192,236.91666666666666,130.0,4
757764,MOV3,96,249.9375,237.0,0
757764,MOV4,94,264.3191489361702,241.0,1
150423,REST1,0,,,0
150423,REST4,1075,993.5590697674419,55.0,174
150423,MOV1,1,1011827.0,1011827.0,1
150423,MOV2,1,1008154.0,1008154.0,1
150423,MOV3,384,2579.8828125,53.0,89
150423,MOV4,131,7504.137404580153,41.0,28
157336,REST1,207,872.7487922705315,155.0,27
157336,REST4,179,261.9106145251397,160.0,8
157336,MOV1,256,296.51953125,152.0,14
157336,MOV2,479,308.06471816283926,118.0,24
157336,MOV3,380,206.08684210526314,134.0,10
157336,MOV4,550,148.13454545454545,123.0,3
872764,REST1,307,429.1661237785016,402.0,14
872764,REST4,1,1102400.0,1102400.0,1
872764,MOV1,781,886.3098591549295,53.0,133
872764,MOV2,614,713.6547231270358,349.0,90
872764,MOV3,1369,512.27319211103,28.0,127
872764,MOV4,1667,289.0215956808638,12.0,49
126426,REST1,325,617.2738461538462,236.0,53
126426,REST4,344,225.76162790697674,224.0,0
126426,MOV1,402,265.8756218905473,250.0,6
126426,MOV2,375,277.06666666666666,244.0,6
126426,MOV3,461,767.9696312364425,260.0,78
126426,MOV4,563,286.404973357016,224.0,17
200311,REST1,717,293.20641562064156,220.0,17
200311,REST4,668,373.78592814371257,246.0,46
200311,MOV1,460,277.94347826086954,177.0,14
200311,MOV2,329,208.6109422492401,155.0,4
200311,MOV3,595,388.0621848739496,179.0,42
200311,MOV4,554,305.5054151624549,162.0,25
330324,REST1,168,106.32142857142857,121.0,0
330324,REST4,883,303.0317100792752,151.0,43
330324,MOV1,339,214.6843657817109,160.0,9
330324,MOV2,256,196.93359375,133.5,8
330324,MOV3,685,158.27883211678832,126.0,5
330324,MOV4,382,169.59685863874344,128.0,7
115825,REST1,591,1232.7225042301184,215.0,62
115825,REST4,315,2763.0476190476193,187.0,69
115825,MOV1,541,891.438077634011,268.0,38
115825,MOV2,659,868.4233687405159,233.0,46
115825,MOV3,829,426.24246079613994,193.0,52
115825,MOV4,868,572.5898617511521,203.0,105
782561,REST1,622,437.1254019292605,171.5,46
782561,REST4,411,120.73722627737226,80.0,5
782561,MOV1,561,289.88235294117646,191.0,22
782561,MOV2,627,371.1499202551834,152.0,22
782561,MOV3,1286,224.16640746500778,154.0,31
782561,MOV4,1025,224.05853658536586,138.0,38
132118,REST1,706,546.7365439093485,451.0,95
132118,REST4,459,382.6296296296296,318.0,11
132118,MOV1,484,525.2685950413223,403.0,45
132118,MOV2,808,412.34158415841586,326.0,75
132118,MOV3,849,520.9305064782096,305.0,112
132118,MOV4,707,639.3606789250354,325.0,103
191033,REST1,156,333.6666666666667,327.0,1
191033,REST4,169,223.07100591715977,226.0,0
191033,MOV1,607,499.3047775947282,313.0,40
191033,MOV2,720,827.6166666666667,277.0,113
191033,MOV3,242,449.4504132231405,239.0,12
191033,MOV4,298,264.3859060402685,216.5,5
181232,REST1,0,,,0
181232,REST4,0,,,0
181232,MOV1,1093,676.5471180237878,111.0,153
181232,MOV2,1213,397.51772464962903,45.0,105
181232,MOV3,1463,429.1285030758715,44.0,120
181232,MOV4,1840,272.99239130434785,36.0,111
898176,REST1,0,,,0
898176,REST4,0,,,0
898176,MOV1,390,180.16666666666666,18.0,12
898176,MOV2,84,200.79761904761904,177.0,0
898176,MOV3,0,,,0
898176,MOV4,0,,,0
102816,REST1,354,2268.0254237288136,372.5,97
102816,REST4,107,8827.196261682244,540.0,42
102816,MOV1,193,4780.756476683938,562.0,77
102816,MOV2,293,2860.5767918088736,409.0,107
102816,MOV3,405,2052.0493827160494,377.0,96
102816,MOV4,339,2648.0176991150443,179.0,76
926862,REST1,199,307.33668341708545,225.0,10
926862,REST4,236,206.50423728813558,188.0,1
926862,MOV1,364,171.96153846153845,166.0,2
926862,MOV2,309,178.59870550161813,171.0,1
926862,MOV3,337,213.9940652818991,173.0,7
926862,MOV4,271,197.42435424354244,166.0,3
927359,REST1,265,234.96981132075473,200.0,3
927359,REST4,282,283.15248226950354,221.0,7
927359,MOV1,226,147.34513274336283,138.0,0
927359,MOV2,176,140.73863636363637,137.0,1
927359,MOV3,154,186.42857142857142,167.0,0
927359,MOV4,167,201.5748502994012,167.0,2
671855,REST1,160,486.14375,237.5,17
671855,REST4,106,152.26415094339623,126.5,2
671855,MOV1,93,188.3978494623656,163.0,2
671855,MOV2,88,176.1590909090909,152.0,2
671855,MOV3,137,126.33576642335767,125.0,0
671855,MOV4,129,135.64341085271317,107.0,2
745555,REST1,0,,,0
745555,REST4,0,,,0
745555,MOV1,780,459.06666666666666,251.0,56
745555,MOV2,631,529.0459587955626,228.0,52
745555,MOV3,314,2493.022292993631,272.0,82
745555,MOV4,264,2733.2083333333335,222.5,30
196144,REST1,98,235.3265306122449,229.0,0
196144,REST4,84,253.54761904761904,240.0,0
196144,MOV1,732,350.0068306010929,195.0,61
196144,MOV2,274,465.5255474452555,354.0,20
196144,MOV3,219,802.7351598173516,386.0,37
196144,MOV4,326,1335.6257668711658,292.5,91
180533,REST1,641,220.05616224648986,204.0,3
180533,REST4,423,171.80141843971631,152.0,2
180533,MOV1,559,237.13416815742397,232.0,0
180533,MOV2,549,225.05646630236794,206.0,2
180533,MOV3,474,252.0801687763713,142.0,6
180533,MOV4,495,359.09090909090907,130.0,13
135124,REST1,272,209.86764705882354,208.0,0
135124,REST4,441,964.9024943310658,182.0,36
135124,MOV1,431,563.84686774942,250.0,20
135124,MOV2,388,562.8814432989691,220.0,25
135124,MOV3,949,159.18229715489989,36.0,12
135124,MOV4,1020,176.6078431372549,36.0,16
186949,REST1,190,308.61052631578946,81.0,15
186949,REST4,95,183.78947368421052,182.0,0
186949,MOV1,262,331.5267175572519,188.0,16
186949,MOV2,216,347.05555555555554,179.0,15
186949,MOV3,58,366.17241379310343,189.0,3
186949,MOV4,236,356.5508474576271,194.0,8
627549,REST1,0,,,0
627549,REST4,0,,,0
627549,MOV1,54,18173.74074074074,436.5,13
627549,MOV2,358,2204.0530726256984,338.5,67
627549,MOV3,1308,515.9411314984709,23.0,46
627549,MOV4,868,849.491935483871,18.0,91
182739,REST1,170,6352.076470588236,115.5,59
182739,REST4,1,1049713.0,1049713.0,1
182739,MOV1,72,13994.958333333334,23.0,27
182739,MOV2,32,31662.78125,800.0,16
182739,MOV3,1,1007445.0,1007445.0,1
182739,MOV4,1,993632.0,993632.0,1
146129,REST1,701,524.8559201141227,238.0,111
146129,REST4,630,530.3047619047619,269.0,78
146129,MOV1,1127,207.69121561668146,99.0,35
146129,MOV2,1087,219.97240110395583,150.0,28
146129,MOV3,678,283.18436578171094,145.0,29
146129,MOV4,605,266.58842975206613,132.0,16
861456,REST1,594,1750.3569023569023,13.0,25
861456,REST4,3317,136.39734700030147,13.0,45
861456,MOV1,513,1757.1150097465886,23.0,74
861456,MOV2,692,1291.1401734104047,28.0,91
861456,MOV3,786,120.21119592875318,9.0,13
861456,MOV4,1005,175.044776119403,8.0,31
833249,REST1,240,2773.05,142.5,42
833249,REST4,324,1435.6172839506173,182.0,24
833249,MOV1,541,277.6765249537893,118.0,22
833249,MOV2,523,688.8738049713193,43.0,51
833249,MOV3,436,201.06880733944953,150.0,8
833249,MOV4,465,238.26451612903224,143.0,21
178142,REST1,281,2397.017793594306,410.0,66
178142,REST4,1383,508.06652205350684,66.0,149
178142,MOV1,1452,309.55096418732785,74.0,104
178142,MOV2,527,210.88235294117646,209.0,5
178142,MOV3,748,200.6644385026738,177.0,11
178142,MOV4,792,190.98358585858585,164.0,12
134829,REST1,486,1075.2860082304526,118.5,45
134829,REST4,423,1241.6170212765958,142.0,56
134829,MOV1,504,1435.968253968254,191.5,94
134829,MOV2,384,1891.2291666666667,156.0,60
134829,MOV3,526,198.62737642585552,98.0,12
134829,MOV4,489,235.04907975460122,107.0,17
114823,REST1,414,498.45893719806764,233.0,48
114823,REST4,242,174.21074380165288,159.5,1
114823,MOV1,178,157.40449438202248,153.5,0
114823,MOV2,188,426.3510638297872,170.5,13
114823,MOV3,119,135.0,134.0,0
114823,MOV4,137,135.65693430656935,135.0,0
177140,REST1,429,159.45920745920745,167.0,0
177140,REST4,362,215.17955801104972,203.5,3
177140,MOV1,757,172.8216644649934,63.0,8
177140,MOV2,779,166.7124518613607,44.0,13
177140,MOV3,394,457.60659898477155,156.0,8
177140,MOV4,484,256.7396694214876,120.0,6
878877,REST1,198,184.12626262626262,180.0,1
878877,REST4,374,194.64171122994654,193.0,0
878877,MOV1,291,255.92096219931273,141.0,4
878877,MOV2,306,178.88235294117646,110.0,6
878877,MOV3,316,470.52848101265823,138.0,9
878877,MOV4,206,617.4223300970874,129.5,6
541943,REST1,576,986.5590277777778,355.5,142
541943,REST4,185,4596.156756756757,433.0,66
541943,MOV1,418,195.72488038277513,135.5,7
541943,MOV2,899,248.9265850945495,46.0,46
541943,MOV3,75,13264.76,763.0,33
541943,MOV4,48,20402.5625,109.0,14
706040,REST1,170,289.8058823529412,193.5,9
706040,REST4,980,447.7612244897959,25.0,93
706040,MOV1,194,365.27319587628864,169.5,6
706040,MOV2,144,329.4861111111111,203.5,6
706040,MOV3,867,309.88465974625143,19.0,65
706040,MOV4,743,432.2314939434724,21.0,92
167036,REST1,0,,,0
167036,REST4,0,,,0
167036,MOV1,1511,389.67306419589676,100.0,115
167036,MOV2,1594,390.7910915934755,111.0,146
167036,MOV3,1383,386.4837310195228,205.0,112
167036,MOV4,962,252.32224532224532,149.5,30
191336,REST1,757,146.09775429326288,47.0,18
191336,REST4,149,333.3489932885906,169.0,11
191336,MOV1,837,911.5412186379929,31.0,105
191336,MOV2,298,2914.8389261744965,15.0,52
191336,MOV3,1201,344.43963363863446,20.0,66
191336,MOV4,1012,589.244071146245,20.0,67
137128,REST1,0,,,0
137128,REST4,0,,,0
137128,MOV1,2090,219.16985645933013,53.0,85
137128,MOV2,556,253.41546762589928,203.0,8
137128,MOV3,561,337.6470588235294,185.0,30
137128,MOV4,558,325.42293906810033,193.0,28
177645,REST1,0,,,0
177645,REST4,0,,,0
177645,MOV1,545,134.4715596330275,26.0,14
177645,MOV2,187,199.09625668449198,24.0,1
177645,MOV3,290,397.6034482758621,116.5,23
177645,MOV4,279,620.7204301075269,122.0,37
725751,REST1,138,224.67391304347825,230.0,0
725751,REST4,214,237.07476635514018,224.5,0
725751,MOV1,457,249.13347921225383,236.0,12
725751,MOV2,667,324.743628185907,191.0,50
725751,MOV3,199,281.84422110552765,238.0,7
725751,MOV4,296,234.15202702702703,224.5,4
214019,REST1,722,226.34626038781164,248.0,12
214019,REST4,361,263.196675900277,254.0,3
214019,MOV1,876,311.04566210045664,147.5,35
214019,MOV2,792,314.30429292929296,169.5,21
214019,MOV3,346,831.3959537572255,237.5,14
214019,MOV4,604,277.65562913907286,243.0,13
131217,REST1,982,220.80549898167007,155.0,35
131217,REST4,1100,209.72272727272727,133.0,30
131217,MOV1,559,335.0232558139535,143.0,19
131217,MOV2,652,503.680981595092,168.0,59
131217,MOV3,817,371.74908200734393,163.0,64
131217,MOV4,661,319.46142208774586,194.0,30
178243,REST1,478,1217.9142259414225,63.0,45
178243,REST4,2,502147.0,502147.0,2
178243,MOV1,490,381.27755102040817,212.5,13
178243,MOV2,605,287.1702479338843,201.0,24
178243,MOV3,3,338561.6666666667,18724.0,2
178243,MOV4,3,333299.3333333333,340499.0,3
126931,REST1,0,,,0
126931,REST4,0,,,0
126931,MOV1,902,541.4135254988913,256.0,69
126931,MOV2,792,410.49242424242425,200.0,33
126931,MOV3,909,208.4961496149615,200.0,9
126931,MOV4,789,203.19391634980988,202.0,5
525541,REST1,426,526.6431924882629,272.5,43
525541,REST4,454,399.2511013215859,227.0,33
525541,MOV1,419,623.0167064439141,247.0,58
525541,MOV2,334,801.5419161676647,195.5,65
525541,MOV3,474,395.6476793248945,166.0,39
525541,MOV4,584,312.361301369863,139.0,35
233326,REST1,298,1357.5704697986578,91.5,24
233326,REST4,320,1016.259375,186.0,49
233326,MOV1,1203,432.06733167082297,79.0,122
233326,MOV2,359,2396.9972144846797,148.0,76
233326,MOV3,1102,298.78584392014517,49.0,60
233326,MOV4,500,217.246,91.5,19
971160,REST1,338,55.57396449704142,56.0,0
971160,REST4,357,75.00840336134453,66.0,0
971160,MOV1,730,835.0082191780822,298.0,154
971160,MOV2,30,32983.73333333333,475.0,14
971160,MOV3,185,142.15135135135134,64.0,4
971160,MOV4,177,155.96610169491527,70.0,5
724446,REST1,207,136.4830917874396,130.0,0
724446,REST4,1407,346.24591329068943,24.0,111
724446,MOV1,193,293.36787564766837,126.0,13
724446,MOV2,468,616.7094017094017,241.0,76
724446,MOV3,160,269.4125,124.0,8
724446,MOV4,166,187.90361445783134,135.0,4
397760,REST1,14,134.5,141.5,0
397760,REST4,154,440.0064935064935,240.5,20
397760,MOV1,113,140.50442477876106,138.0,0
397760,MOV2,115,161.98260869565217,145.0,1
397760,MOV3,242,166.87190082644628,155.5,2
397760,MOV4,200,179.15,152.0,1
131722,REST1,885,200.85197740112994,108.0,33
131722,REST4,330,150.03636363636363,143.5,1
131722,MOV1,1626,128.64944649446494,23.0,33
131722,MOV2,721,991.242718446602,50.0,101
131722,MOV3,396,135.89646464646464,141.0,1
131722,MOV4,502,153.64342629482073,132.5,7
765864,REST1,273,424.38827838827837,231.0,24
765864,REST4,222,226.27477477477478,189.0,3
765864,MOV1,235,585.8936170212766,194.0,8
765864,MOV2,124,892.4677419354839,175.0,7
765864,MOV3,200,379.25,158.0,6
765864,MOV4,152,487.85526315789474,167.0,3
429040,REST1,131,5204.06106870229,298.0,31
429040,REST4,306,2205.4803921568628,399.5,113
429040,MOV1,567,531.0758377425044,158.0,46
429040,MOV2,127,7068.472440944882,853.0,59
429040,MOV3,321,864.9034267912773,225.0,52
429040,MOV4,119,6841.058823529412,316.0,37
198653,REST1,331,1362.6676737160121,189.0,64
198653,REST4,298,1087.986577181208,188.5,69
198653,MOV1,305,176.24262295081968,157.0,0
198653,MOV2,929,823.3336921420882,215.0,216
198653,MOV3,501,245.46706586826346,152.0,12
198653,MOV4,331,247.9939577039275,143.0,9
951457,REST1,0,,,0
951457,REST4,0,,,0
951457,MOV1,741,212.4574898785425,169.0,26
951457,MOV2,1517,260.9241924851681,97.0,87
951457,MOV3,1675,266.5797014925373,131.0,46
951457,MOV4,1869,246.6131621187801,129.0,39
826353,REST1,1,1088075.0,1088075.0,1
826353,REST4,1,1090304.0,1090304.0,1
826353,MOV1,1,995257.0,995257.0,1
826353,MOV2,1,1013567.0,1013567.0,1
826353,MOV3,0,,,0
826353,MOV4,737,1281.033921302578,35.0,148
115017,REST1,567,1383.1746031746031,197.0,84
115017,REST4,545,214.61100917431193,217.0,1
115017,MOV1,933,363.7459807073955,203.0,64
115017,MOV2,968,260.56404958677683,180.0,29
115017,MOV3,682,364.14516129032256,211.5,32
115017,MOV4,855,580.1415204678362,224.0,95
412528,REST1,0,,,0
412528,REST4,0,,,0
412528,MOV1,704,1076.2911931818182,188.5,95
412528,MOV2,1573,369.8264462809917,131.0,127
412528,MOV3,612,714.1535947712418,213.0,71
412528,MOV4,870,382.3574712643678,216.0,35
164131,REST1,1942,220.1282183316169,28.0,76
164131,REST4,831,242.37304452466907,185.0,18
164131,MOV1,1930,175.15854922279792,28.5,73
164131,MOV2,903,133.3034330011074,48.0,11
164131,MOV3,1105,561.4932126696832,42.0,70
164131,MOV4,775,520.6954838709678,125.0,63
197348,REST1,141,251.39716312056737,218.0,1
197348,REST4,272,434.8235294117647,257.0,27
197348,MOV1,196,255.78571428571428,215.0,5
197348,MOV2,197,227.36548223350255,232.0,1
197348,MOV3,338,639.1390532544378,218.5,32
197348,MOV4,416,225.52403846153845,86.0,15
169343,REST1,0,,,0
169343,REST4,0,,,0
169343,MOV1,69,14734.376811594202,46.0,23
169343,MOV2,25,40793.72,4.0,9
169343,MOV3,796,1090.7788944723618,36.0,114
169343,MOV4,86,11374.162790697674,654.0,39
204521,REST1,459,229.42265795206973,214.0,1
204521,REST4,352,1043.0738636363637,222.0,37
204521,MOV1,232,3661.2241379310344,345.0,102
204521,MOV2,222,3360.0855855855857,261.5,73
204521,MOV3,363,1165.9889807162535,207.0,50
204521,MOV4,316,1521.6962025316457,219.5,62
200614,REST1,1386,230.14574314574315,17.0,49
200614,REST4,264,1117.25,98.0,40
200614,MOV1,2970,72.24814814814815,17.0,20
200614,MOV2,534,977.62734082397,8.0,56
200614,MOV3,2752,53.49818313953488,14.0,9
200614,MOV4,2950,76.67694915254238,15.0,20
601127,REST1,563,246.6500888099467,199.0,5
601127,REST4,1172,247.13651877133105,203.0,29
601127,MOV1,586,207.12457337883959,177.0,4
601127,MOV2,691,189.41678726483357,175.0,1
601127,MOV3,1061,272.1828463713478,202.0,33
601127,MOV4,708,276.55790960451975,194.0,15
246133,REST1,524,1538.1946564885495,130.5,94
246133,REST4,541,1798.3308687615527,177.0,160
246133,MOV1,1127,513.795918367347,38.0,129
246133,MOV2,863,497.1552723059096,96.0,123
246133,MOV3,1126,400.27708703374776,60.5,125
246133,MOV4,836,194.47488038277513,31.0,39
116726,REST1,396,919.2727272727273,229.5,73
116726,REST4,426,442.9389671361502,247.0,47
116726,MOV1,367,262.4441416893733,169.0,15
116726,MOV2,297,193.58922558922558,169.0,5
116726,MOV3,375,492.85333333333335,172.0,21
116726,MOV4,311,310.10289389067526,146.0,8
770352,REST1,0,,,0
770352,REST4,0,,,0
770352,MOV1,1084,208.96955719557195,144.0,7
770352,MOV2,1035,275.68888888888887,141.0,9
770352,MOV3,6047,80.36596659500579,3.0,18
770352,MOV4,1288,238.097049689441,143.0,20
104416,REST1,7,158912.0,613.0,2
104416,REST4,670,663.9955223880597,361.0,65
104416,MOV1,951,893.2576235541535,262.0,198
104416,MOV2,894,631.1286353467561,317.5,104
104416,MOV3,684,499.1154970760234,252.0,49
104416,MOV4,727,312.24621733149934,220.0,23
257845,REST1,169,2232.8639053254437,329.0,55
257845,REST4,230,131.3913043478261,103.0,0
257845,MOV1,126,871.3968253968254,128.0,16
257845,MOV2,138,686.1304347826087,149.0,9
257845,MOV3,152,433.86842105263156,86.0,9
257845,MOV4,159,428.49056603773585,122.0,5
783462,REST1,0,,,0
783462,REST4,0,,,0
783462,MOV1,0,,,0
783462,MOV2,0,,,0
783462,MOV3,0,,,0
783462,MOV4,0,,,0
176542,REST1,415,1431.0,33.0,91
176542,REST4,695,1053.231654676259,29.0,113
176542,MOV1,359,1225.874651810585,80.0,88
176542,MOV2,1047,376.5004775549188,20.0,90
176542,MOV3,536,333.36380597014926,47.0,38
176542,MOV4,652,515.8788343558282,28.5,66
158136,REST1,0,,,0
158136,REST4,0,,,0
158136,MOV1,706,334.0467422096317,261.0,23
158136,MOV2,998,321.9559118236473,232.0,54
158136,MOV3,0,,,0
158136,MOV4,0,,,0
905147,REST1,282,691.1347517730496,343.0,36
905147,REST4,937,205.00960512273213,106.0,22
905147,MOV1,586,926.4061433447099,87.0,88
905147,MOV2,310,241.01290322580644,134.0,9
905147,MOV3,188,603.7340425531914,206.0,14
905147,MOV4,184,330.0217391304348,160.0,8
550439,REST1,237,1721.012658227848,306.0,48
550439,REST4,206,299.3203883495146,256.0,4
550439,MOV1,273,335.8937728937729,176.0,11
550439,MOV2,134,305.7164179104478,174.0,3
550439,MOV3,221,342.81900452488685,225.0,6
550439,MOV4,209,217.22966507177034,190.0,3
385046,REST1,42,166.5,178.0,0
385046,REST4,98,185.9387755102041,185.5,0
385046,MOV1,110,187.0,156.5,3
385046,MOV2,75,204.94666666666666,169.0,1
385046,MOV3,122,150.13934426229508,146.0,0
385046,MOV4,100,190.09,163.0,1
155938,REST1,48,2640.0,129.5,15
155938,REST4,66,851.8030303030303,117.5,6
155938,MOV1,87,140.44827586206895,130.0,0
155938,MOV2,44,140.36363636363637,112.0,0
155938,MOV3,138,470.3985507246377,140.0,10
155938,MOV4,103,167.35922330097088,152.0,0
910241,REST1,0,,,0
910241,REST4,0,,,0
910241,MOV1,307,203.8013029315961,154.0,5
910241,MOV2,319,260.4576802507837,171.0,10
910241,MOV3,1113,205.3477088948787,23.0,31
910241,MOV4,1168,241.1095890410959,13.0,50
178647,REST1,405,154.65185185185186,146.0,2
178647,REST4,377,261.7135278514589,212.0,9
178647,MOV1,526,202.59505703422053,134.0,11
178647,MOV2,585,161.55384615384617,145.0,3
178647,MOV3,371,278.2345013477089,152.0,11
178647,MOV4,326,196.0,148.0,5
942658,REST1,1,1104545.0,1104545.0,1
942658,REST4,1544,488.1502590673575,262.0,184
942658,MOV1,1,1010491.0,1010491.0,1
942658,MOV2,1,1016485.0,1016485.0,1
942658,MOV3,997,256.78535606820463,192.0,16
942658,MOV4,1017,278.1946902654867,206.0,23
239136,REST1,937,593.9156883671292,457.0,126
239136,REST4,932,281.274678111588,265.0,14
239136,MOV1,844,814.1504739336493,219.0,141
239136,MOV2,804,895.5659203980099,220.0,98
239136,MOV3,861,372.39256678281066,221.0,44
239136,MOV4,852,493.98474178403757,219.5,69
901139,REST1,309,176.42394822006472,186.0,0
901139,REST4,2,551618.5,551618.5,2
901139,MOV1,710,386.35915492957747,100.5,30
901139,MOV2,751,797.6364846870839,55.0,91
901139,MOV3,1,1008470.0,1008470.0,1
901139,MOV4,1,989722.0,989722.0,1
859671,REST1,0,,,0
859671,REST4,0,,,0
859671,MOV1,815,1168.2306748466258,20.0,60
859671,MOV2,185,5410.5351351351355,34.0,30
859671,MOV3,579,379.06390328151986,180.0,27
859671,MOV4,644,346.1925465838509,185.0,26
690152,REST1,0,,,0
690152,REST4,0,,,0
690152,MOV1,672,228.41517857142858,126.5,20
690152,MOV2,546,146.95421245421247,102.0,7
690152,MOV3,520,196.53653846153847,155.5,7
690152,MOV4,461,185.53579175704988,166.0,2
463040,REST1,242,177.62809917355372,174.0,0
463040,REST4,486,259.6255144032922,238.0,2
463040,MOV1,424,539.2028301886793,214.0,10
463040,MOV2,383,703.911227154047,182.0,10
463040,MOV3,505,611.980198019802,236.0,11
463040,MOV4,375,757.8933333333333,244.0,8
191841,REST1,0,,,0
191841,REST4,0,,,0
191841,MOV1,1172,569.6279863481228,36.0,157
191841,MOV2,838,1040.560859188544,40.0,151
191841,MOV3,1572,317.0273536895674,33.0,76
191841,MOV4,660,1097.448484848485,73.0,134
263436,REST1,0,,,0
263436,REST4,0,,,0
263436,MOV1,0,,,0
263436,MOV2,0,,,0
263436,MOV3,0,,,0
263436,MOV4,0,,,0
