Subject,emot_PC1,emot_PC2,emot_PC3,emot_PC4,emot_PC5,emot_PC6,emot_PC7,emot_PC8,emot_PC9,emot_PC10,emot_PC11,emot_PC12,emot_PC13,emot_PC14,emot_PC15,emot_PC16,emot_PC17
100610,0.9014363741784207,-0.22041199298814984,0.4777254905053862,0.9538429698866077,0.2666497532673972,-0.09618485621928981,-0.5088940027569326,-0.49707112327723796,1.2070994319022683,0.3715914005784817,-0.1564580388854595,-0.6440725980550934,-0.037321128301166226,0.6029932882589296,0.5581452480853165,-1.0296784545837308,0.0804057683909586
102311,0.1648913184555892,-2.143380887607296,0.9308889299942219,0.7921062359708304,1.4771578232801283,1.009838456546579,0.3929889919316109,-1.3560294789290974,0.15885109712257417,-0.0815798604140921,-0.6498422292760175,-0.13377771111235112,0.5420058690205043,-0.6275255249891074,-0.6003895728222257,0.18464470639893893,0.5465095775695348
102816,1.127169846028693,0.7067147738697563,0.9424652063062894,0.7019056129153359,0.7611791505626703,1.0526864810190268,0.44272694551311026,0.017812354748000057,-0.3612701217440853,-0.5568661750231791,0.49020294837444606,-0.14124002995147958,0.7923943506531632,1.1664840735620476,-0.1304580921817132,-0.42043090460320826,-0.41234514876806133
104416,4.548501958132831,1.51399486964221,0.8855897790456762,-0.20144126247607816,0.3316365272697753,0.9174391556965255,0.5777537207207483,-0.5812427540458054,-0.06118219756589271,0.49110333825497626,0.744572307685747,0.10010937201116542,-0.7246851961430163,0.44970242390373816,0.6192336996235515,-0.16198375853552122,-0.15273010038853324
105923,0.5754361840368419,-0.1036369401350208,-0.4761524172570573,-0.5093346093245987,-0.875626335778951,-0.23571568759961614,-0.42908016557835443,0.5945348943226934,0.3197988563950886,-0.7946911276134313,-0.04290626871689694,-0.8874880533111923,0.2583682805699656,-0.16075847607118277,0.2708842578277705,-0.643221682039105,-0.3689500697804349
108323,0.18361583210150992,0.02525584805691354,-1.2292394905846336,-0.21001806927396832,-1.2274382968716604,-0.06575125664979024,0.22790439477514596,-0.33107804814134684,-0.3567223025145561,0.28192790201994905,-0.6991660470413147,0.2893866485907317,0.02129726242655548,-0.43760691963171294,-0.22345503848992543,0.29133724801123506,0.1539484276675499
109123,-3.9064794970010954,-1.950830074989009,-1.1362308760402495,-0.8120065172200119,0.5163892540843474,-0.3652548952210603,-0.011693529807955494,-0.013498602208668692,0.6304007924052665,-0.07047292987512789,-0.28742271595402685,-1.1128963827031284,-0.180666780794595,0.2941908447743527,-0.4376359699874466,0.5755683533515131,-0.48990144878429415
111312,1.539185128414996,-1.8848540954712512,0.820538487915148,0.21245921627535003,0.3032861735793097,-0.24605523082337974,-0.8601751062416809,-0.08343204848358307,0.6526835170270274,-0.7521593400210307,-0.20683212820752134,-1.335204971776637,-0.4212518481946064,-0.4274023451237322,1.1865423945559423,-1.2766591317321025,-0.8898690816188232
111514,-0.9772341317087085,-1.7641884008199744,-0.46304811235342463,-0.8389104309806856,-0.4354218781967732,-0.9636556961227979,-1.1094172894707297,1.3324324749249012,-0.16660994120415842,-0.39329190799347397,-0.9715818546888259,0.7006448028158236,-0.3620570258668387,0.06385302470962549,-0.3851498681229297,-0.200785101807937,-0.510144116429491
114823,-1.6297186583249204,-1.1579122523404113,-0.4852122167817357,0.7519661707106753,0.5830141788988519,0.9336729160935027,-1.0487882578527108,0.7046561377120742,0.6912395021575231,-0.4656640797171737,0.44969574914336125,-0.1258639037751128,0.006196873309624936,0.15961086981503111,0.13177957826565964,0.29743162657676414,-0.3002601939943108
115017,2.3093124939580925,0.6914577016601207,0.2817731206329546,1.177961592645182,0.21403918000189312,-0.8094377425575865,-1.466289308683399,0.6440236379562588,-0.04429252279261353,1.3980655896830163,0.12404316818822804,0.24048122834233945,0.3031171350339777,-1.2991908100594978,-0.42203396377892605,0.21494089372160816,0.1196706826314006
115825,-0.8540103512566465,-0.4940307884415237,0.15093638391528572,-0.4890933074014078,-0.6054933183392431,-0.4652305926161287,1.3517863611546428,1.4347609666226082,0.41507250378751726,-0.6028924776389533,0.4419669368660341,-0.615353373285411,-0.3910157792073242,0.4973543369231319,0.058348397633245286,-0.050842417312906826,0.8181496750158708
116726,3.0528278146871606,0.9265445096657519,0.17712730710172014,0.6812523934554275,1.144093326488557,-0.7243892498030231,0.470342982379686,0.3141756320022084,-0.4080155995884206,-0.45871774164537926,-1.1931353593534324,-0.6045050081893175,-0.7559420756838293,0.37488589896930485,0.7446743310148628,-0.6395351625947624,0.32465583672942255
118225,0.6002840415185478,-2.9222667851841844,-0.353995027305017,0.10888958936601956,-0.3294451897659482,-0.19352029430794548,-0.7361668479890342,0.3059435167852475,0.010459242620865963,0.9256190363705735,0.3158335892278545,-0.0835900954778307,-0.2001395813578468,-0.43622410816777196,0.10435618922336098,-0.15019613268688786,-0.5770873404569536
125525,-1.45527212066168,-1.212760517925193,0.30651458794428527,1.1977896453766221,0.32725500752465586,0.724686778980694,0.475542055779511,0.7402785987276415,-0.6894819801928386,-0.7032481875664408,-0.18052600873466232,1.5363581560802482,0.33240510941663975,0.7777283135610198,-0.37430255412995067,0.5262987279128825,-0.3591315498945173
126426,-2.797366981255815,-1.6063644438782352,-2.410110701760455,1.836955827138461,-0.03818678661551249,0.785451648216603,-0.11694605255233553,-1.1846901510868653,-0.4214872473833144,0.8158269503382617,0.6397045090566196,0.9151265731134551,1.0297785273073448,-0.899698517927242,-1.0725019377776694,-0.14666644349268004,-0.41808921917146163
126931,0.8721621872836214,-0.6762732283139143,0.6917886183999501,0.6939107991623376,-0.3583608484740882,0.16744734995951552,1.1509272038425866,-1.94592307630639,-0.4862489228406934,-0.23205053308762122,-1.117867473278941,0.4180433237258095,0.06255137373623681,0.019458176393888117,-0.12790367678328907,-1.0484073748309035,0.007270988129671755
128935,0.00683686031899244,-0.1302362560194634,-0.3628054418733373,1.591432581420601,-0.4861641690616046,-0.05237197754394291,0.009655328235987713,0.07492207685776034,0.1500530133026212,-0.1736312484675709,-0.10131412452383799,0.654503106494568,0.14946017283312635,-0.10794559494345331,0.053926850198802036,0.28580351841502494,0.09667664923668783
130114,4.671261118168897,0.7766752726465924,-1.378608593280977,1.7266981456817312,0.3141606458201307,0.6592130055703351,-0.09987172569497961,0.5526042901329605,0.7096325843432265,0.06660999530325054,0.21232367979353703,-0.5727497029669126,0.5536955230822933,-0.41646735022060144,0.21898061529376459,0.5963817243138215,-0.4165667979483794
130518,1.5011758002476279,-0.16424065872981608,0.9247603069337238,-0.12839988662917723,-0.7192109918781008,0.05269026902176632,0.10659416581596587,-0.2932794784053413,1.0977600501857836,-1.2048608729245334,1.1951534891604174,0.006971445470466383,0.4853429074566506,-0.8691744844687466,-0.5815273345821326,-0.8245914049239945,-0.9037755198103732
131217,-0.6053869789517834,-0.3881578407886727,0.9819500098431173,0.6666492178658531,-0.3159720037952794,1.0094999057107195,0.1539331175824665,-0.472990247071219,-0.37717681113915624,0.3037053344731729,-0.25878181802378675,-0.00622552636404569,-0.5582525207088235,-0.1722317357524812,0.1050754510718407,0.17160914255656337,-0.44682557437957304
131722,-6.316611931492938,1.4036119590092537,0.8524868725200944,0.8487288698165382,0.68599927328052,-0.4972542215874433,-0.6473574361804751,-0.5230615901193496,-0.030533183348975954,-0.8624210135351407,-0.6351446482807089,-0.21931662169818283,-0.3732396486306925,-0.039254470016636296,-0.06936427909465842,-0.5711348917877311,-0.2276247100132571
132118,-0.785104387736499,0.7331736728740842,-0.03471291770696627,1.045861065454099,-0.5939350673349755,0.32311165357399885,0.12008053228797894,0.5259664367934103,0.8594519141186439,0.08088129859837237,0.17086840020568048,-0.033692238848763996,0.24641184572975292,-0.31650416149018884,0.21863878050882007,0.3198077092130532,0.03602048344168214
134627,1.3082159072436383,-1.3324518812452038,1.8005762123960227,-1.1475290472457822,-0.426202698979935,0.07465657765228546,0.03342233362107306,1.6000291315565935,0.026780239137312194,0.6333083649917652,0.3174936922795165,0.5094567700742829,-0.07875707155253064,-0.6592665523237023,-0.36577008898387703,0.6149119966691711,0.2946120247299565
134829,-0.4761263922381124,1.7375002209163293,-2.2983398688573744,-0.8116538972897536,0.4829913221653659,0.7528233384689963,0.48862762871791965,-2.269476976662233,-1.058305996755606,1.5929595493760038,0.7768245358722841,0.8273223387856798,0.10949800202348535,-0.6340513816805127,-0.6056730755295503,-0.3018742633740516,0.5396377034087276
135124,-1.5015877336878565,0.888865307375619,2.315942139337147,-0.3386805470893544,-0.12093120264375413,0.7608307055417979,0.6361960911424817,0.7409680071358171,0.17130291130069075,-0.21014825704569942,1.4426164866253535,-0.9779076245357767,0.046845801058155265,-0.4587158029197449,-0.947927442132134,-0.025466328062894665,0.8829632334605378
137128,1.5062814393132173,-0.6311028233130789,1.2568252516192278,0.037700406231189296,-0.35318877460600334,0.8721692005500782,-0.30710162945059793,0.7225454782929531,-0.260605503651839,0.3953013180301861,0.2629755352295542,-0.9448217602263296,0.10486539364046038,0.775966655308216,-0.039510246573999375,0.4825309991239889,0.02551390224125151
140117,-1.9001435003080345,0.48280989645731714,0.5049549921145401,-1.1224085687194558,-0.9094345288815749,-0.9843908799347776,1.837573589613006,0.6131141043459681,-0.3198796465233676,-0.203506522293361,-0.1265813704207983,-1.094246167089044,-0.4301000284026103,1.0144443969330172,0.3219073860083088,0.380625549363654,1.2097186778626907
144226,-1.4006148424059794,-2.9584710753365377,0.033856112285832775,0.568450380180141,0.24031523108491162,1.1634376143820544,0.4146121731782248,0.9800820329244799,0.8111153428571284,-0.26000824569324166,-0.23996702486642313,1.0585083127609975,0.6234649491497366,-1.37953272818774,-0.3984771397184995,-0.472123912424193,0.5673526199037799
145834,-0.14187473295108816,0.09002239952670454,0.062330388305268734,-0.5166784103043696,0.008069358529746962,1.6535631868511687,-0.11834739525195603,0.11136757327906065,-1.6078242378527077,-0.6703794472042311,0.12275924255370908,-1.5762550140270082,0.45664791201116284,-1.0112846536365057,0.29545951922419367,-0.7860298574407261,-0.5831883186712755
146129,1.7035644875549072,0.4196527403120693,-0.05899153007586539,-0.006746983353664069,-0.10104632283305151,1.253736821444725,1.888576497048094,0.18321675083965852,-0.3388857137072415,-0.7976242732646759,0.09949159046641284,-1.0669619925338685,-0.295846789769589,0.6935716033351257,0.7772341410263424,0.17146034495258453,-0.15331834255067744
146432,3.4235304611813593,-0.9521640164647706,0.10946285455437929,-0.5798230306669008,-0.2960595972234637,2.270684290770768,-1.1153817514385924,0.4560967950602699,-0.12110453973891046,0.5040334223545084,0.1638745851863473,0.9736575355724909,0.56105714644365,0.3392016301138125,-1.1712436806568227,-0.6100144530444241,0.01601770528844705
146735,0.9239813891152644,-0.6430413003578036,1.8643614862429003,-0.7399707500349332,-0.4767936791125498,0.43720597114140786,-1.649233588182491,-0.43247809404316445,1.0150789388319534,-0.18441671977681676,0.9867957461839703,-0.19519992278520104,0.6099809183434604,-0.3523267494719649,0.21100855426255913,0.35472117828438,-0.4030338994083179
146937,1.4137023820239198,1.3808995607567383,1.0027181264656435,-1.0723325932336045,0.36658926609284165,-0.7826177445400753,-0.868271825599212,0.9669568496099288,0.6894019799200081,-0.1576269270174521,0.02434286516304718,0.496227324358444,0.20103326895804646,0.4900826798719221,-0.444165905452458,-0.2838674037601693,0.93419594243007
148133,-3.103302217168415,0.1297813493268283,0.22050996364517364,0.7048568507030755,-0.8483001415071542,-1.4245422253044082,0.40647974157679173,-0.5347828562582729,0.493873703141186,-0.2631966102471123,0.14546757719126382,0.07303139123623348,-0.7506206650755914,0.9550276068729563,0.5460172091112837,0.2227061267640342,0.12116621819559073
150423,-1.422263919369184,0.19106346922162232,0.706179591962664,-0.2343564262306707,-0.8471500166952307,-0.1356051743666535,0.023904685293117706,0.6735288783883042,-0.07944343566524886,0.6598531687555542,-0.583150088211201,-0.5407331704516087,0.4636010857971205,0.427114153554583,0.39678596555727674,-0.2447980652335551,0.08482716597094994
155938,1.6945241423734734,-0.544654967485339,1.5807093935468188,-0.13714573063595029,0.33815906701493076,1.293280176196785,-1.9020735538093718,0.3503404858314781,1.2152526749164425,0.08945942305255657,0.10100859035628218,-1.1683477032934353,-0.8435316978064242,-0.2173401000463774,0.6001458994906758,0.5630846580274326,-0.24437855869123365
156334,0.5145362067156968,-0.17743114257624612,0.5314048374127643,1.3647578431603258,-0.9849361232877738,0.08880271083835095,-0.6253904134633099,0.12618426667801474,-0.46860735093514727,0.27526830093079413,0.0743029240672319,-0.5131043724351082,-0.9767639499484015,0.5127137794425964,-0.3756044426275908,-0.47992010980362493,0.25290820303485084
157336,0.024798996320456682,-0.2296985163784415,-1.0261975794905627,1.5901136451340105,1.4707170764712487,1.8527731430226952,-0.37041959798882146,0.8204901753692427,0.4872040201087081,0.09059379837916565,0.045811878483578684,-0.37458872292548884,-0.5611404479281065,0.10781031736730957,0.38615075377242675,-0.4617665371725066,0.17053223349782012
158035,-1.4019415888144846,-1.2278129326983946,1.1286773100814806,0.3645603999566226,-0.34779773824614185,2.20371915805572,-0.14475207850181523,0.5691619697934189,-1.0425341717625676,0.3726912525895178,-0.29497162353668654,0.11690387599025809,0.3530574623324621,0.3984547159584016,-0.09548626378106649,-0.2559124309539058,0.188552958748787
158136,-5.073092367164691,-1.705397961453377,1.2617891521303042,-0.5082475462414963,1.4004600861723278,-0.5795685718893882,0.9502576599930419,-0.15922597158015375,-0.7099907369512064,0.1995661288364109,-0.3023065526797682,-0.5774312718465606,-1.3546643353495,0.15976449282210253,1.0160432445329683,-0.49066381626322525,0.1268440882995879
159239,3.1543900662313944,-2.6355933602017068,1.7577994415757123,-0.9549573405355786,-1.0597871169288797,-1.7541124471135041,0.2809376040938423,0.27788258511945313,-0.07042716632956646,-0.3718059191204853,-0.3311447732148733,0.7596438323954008,0.2880028760427993,-0.03473780741992568,0.012336640364278784,0.09564486144761575,0.42647543835938073
162935,-2.5986090430427464,-2.153290735120939,0.8353369568167074,0.737111862893322,1.2029155577456032,2.2380825271523634,-0.0414429646536661,-0.11605603592784945,-0.09473863462975873,0.2520599028850711,-0.3349899949484168,0.7126930771654114,0.5545108804692261,0.4350126425816855,0.43978794982454367,0.6664969397341682,-0.2688625822644394
164131,-2.8188181208424328,-1.0451629367979818,-0.35154769760850757,-0.7729022521234119,-0.4854830414399275,0.5436277155319633,-0.3932923436427352,-0.33956944674016365,1.1713335589804876,-0.5839325688005247,0.2722733968333875,0.6050155079630426,-0.8455336094243546,0.4515716550943019,-0.7067750858178268,-0.09288989433026644,0.16214017672207384
164636,3.899910842343305,1.2712832626963915,0.5345474257057723,-0.21860429565188538,0.47420128363811503,-0.832388154188987,-0.7735271304336119,-0.33013144118991866,-0.9789309783985839,0.7741166771032928,-0.8972721134318032,-0.14314392721764402,-0.4484721441917458,0.37179733358178824,0.7329067911969869,0.09405134247397744,1.038288053576997
165436,-1.4960169722035044,0.18290797809805048,-0.13835219568387655,-0.09478473001175788,0.47369895762901587,-0.16595606950781794,0.9312246717731096,-0.3068005108012485,0.8320679309693801,0.8045129179401936,-0.4047165122673035,0.9837565310173044,0.06850626823681007,-0.989891895181206,0.21708288036190546,0.6023315009138929,-0.6422874593144656
167036,4.047520315839042,1.3563549313395618,-0.4962280203095525,0.9768327661311615,-1.2107312855765888,0.6159401190099679,0.9108170341587297,0.1539220441995046,-1.2132733682343482,0.7672542125139588,-0.5526659276926787,0.3752499682443489,-0.16996907509408155,-0.011917694580303041,0.8523481755055264,-0.10763682923302983,-0.1869786190452131
167440,1.2061374124454096,-0.7656156018447812,2.1959096551904302,-1.0758251108938828,0.13397886599947126,1.4785313871806782,0.5250163458457052,-1.3236552971275755,0.31339583152601413,-0.8340658898268316,-0.7151492277828696,-0.33625081458090295,0.31261847099043755,0.3536651203664301,0.6179544390204109,0.5754534666863433,0.6324886735909719
169040,-2.9292824957591828,0.015886126707031194,-0.47547845138673617,-1.2012389985024097,0.7658715521654624,-0.7285796669430719,-0.7112989222251015,0.8740133005786296,0.3809261247789416,-0.6499484981481162,0.09854374581583197,0.006611546526071387,-0.5651044214151324,-0.183512515076328,0.1512598308049674,0.39655259291450085,0.13468558506718803
169343,-3.181378623623343,-0.29202099943956206,1.5685333629028937,1.092746302638938,-0.19540529517168323,0.1556978957379738,-1.4352560649697,1.1372306785594903,0.9442620192398286,-1.0999347508879047,0.11694427069570597,-0.6725479660497523,0.7186991216989079,0.9060174334772949,0.9841533773152269,-0.38451053738542995,0.7592654835530394
169444,-0.800026707215809,2.2307687934706584,-0.9587596440724466,2.164778771421905,-0.3384891851974841,-0.6355064786857814,0.40619446369831125,-0.45158191900449624,-1.6608799998022583,-0.1828255486683642,0.9129875529931903,-0.5132487301570242,-0.07380589117561882,-0.1383330079254612,-0.063793219222999,-0.6139877421758071,-0.7389263260931084
169747,1.3403844103711717,0.4433702120540575,1.2734371606378188,-0.6251384282843714,-1.221448117913136,1.2251572581517194,-0.21585945492974865,-1.054930248044836,0.19781949840698587,0.6596115014540725,-0.47619398759117554,-0.6611259795097197,0.05029212191358726,-0.10860792553591446,0.49150174183966283,0.23866854339923899,-0.4578255037170675
171633,-0.8845507122663642,-0.4418619561261047,0.855110589909112,-0.5015607731127774,0.916732047276664,0.6220724066295121,1.6245204097169184,-2.1062579812400437,1.6016712066316936,-0.5093810489585576,-1.7257067117173819,0.47227175171926644,1.7487721953428628,0.8601581990093244,0.26858496987210656,0.7230118245608671,1.4226043461313118
172130,-1.2696162466814664,-0.6048928226460586,0.7918419652642078,0.12044127850918655,0.658472972314174,1.4536184102780176,0.6147864991821942,0.7411772797913484,0.7158335425727419,0.1284608696596005,1.0116519997823383,0.5480835469004443,-0.1166962645397593,0.22048986091506306,-0.25324824349369535,0.08755802446291008,-0.5515706938486146
173334,-1.6960457660922268,-1.1196712795403603,0.07614185179062066,0.1970459675776279,-0.6969899906536738,-0.5236301733651344,-0.558873683015563,0.48859112346404,-0.07290759802562863,-0.23549002378319828,-0.19140397424679753,0.1298544145157968,-0.07606311654410812,-0.09327532911472715,0.4243228692473534,0.3963826403224368,-0.28823243178465024
175237,3.4635737496727224,0.4614924957891378,0.9529645003237242,-0.9280682176960172,0.44166841686728275,1.5248209830001536,0.2669782103054759,-1.123631332565854,1.2543325540262307,0.28844740506051353,0.10555787646274144,-0.42938021584457714,-0.45639831391606195,0.37694945972879096,-0.20219394003385013,0.15371144766520997,0.12717072105060023
176542,-0.7633194565875516,-3.7395245808572004,-0.8565920056349027,-0.5436224796460926,-0.30279821297860277,0.1366361190059501,-0.9829673848279925,1.4664602651743368,-0.5355180352662545,-0.027235274897922556,0.4891196328571867,-0.3449672396625494,-0.23564201563235726,0.7837138123235287,-0.07999233562409412,-0.40540000127937886,-0.4209721637638928
177140,-0.6053887390380134,-1.1689978737516014,0.9776352784858862,0.8606415944167104,0.37021788457045346,0.7823122040453686,-1.3574515658842505,0.3178549986046567,-0.06592683842626935,-0.12336226002380815,-0.42346234417321005,0.5112049572031616,0.4869753001352043,-0.3628287620549791,0.12403570902313603,0.09460982289565248,-0.3832094981992896
177645,-0.9860121416749508,-0.13361003780582362,0.5612540726455301,0.11888439719107768,1.498261038358236,1.566304199900196,0.10446980225924825,-0.7936032942274279,0.21665892333118242,-0.8400279860634149,-1.1729910428257495,-1.1093009414866162,0.5398614728574325,0.7252913594998676,0.3007759845335252,-1.3542158931533705,-0.21203348306927958
177746,2.047537262600034,-0.5434264993401994,0.14826363259330236,0.09800252899266565,0.05226112055589199,0.8441158285687093,1.3140915528006858,-0.6500289483859752,1.0844801912885527,0.8172714750052681,-0.3744899774998227,-0.322832849573019,-0.8616965926260485,0.23736838067720198,0.846454279014076,-0.09758215940170693,-0.18470043308164155
178142,1.9010297070114215,-1.3070703901829883,-0.032658271043399606,-2.1611942027237743,0.08436612378959986,-1.1853882261585837,-0.7826654498625392,1.3621369917182102,0.7845354216428839,0.5354962269835798,-0.4736649678084968,-0.2037149738396603,0.1459477174788063,0.24485663956061987,-0.7297005411281458,0.3505979367463969,0.19263513882856456
178243,-1.8721387648150563,-2.4874391105247535,0.16311854121541075,0.14315310544254298,0.20449038498915634,-0.5048012739631356,-0.027872927443770602,-0.05330442811794693,0.8239694259276664,-0.7549056839125913,-0.4704150605965494,0.6853001475440671,-1.5112842650220548,-0.276458525237154,-0.40154822923524486,-1.2039123097552555,0.21952076650919353
178647,-0.13134603844417703,-1.1400646155746483,0.1532758976884697,-0.16460997469375024,0.9747881707725387,-1.0744867436013574,-0.3501393203494483,-1.212694843587967,0.8779260943668244,-1.0620212371061384,-0.1111019296585757,-0.2407981750812808,0.06602729262143057,-0.6135090707523504,-0.33225873110799325,0.6557878546001741,-0.37285166866767405
180533,0.3897497830482027,-0.6926581711951902,1.3949874525830852,0.18598216474630225,0.519038668449434,-0.7853090403696531,0.7640261032039448,1.1268112833147876,-0.34815427464243626,1.0814334865253166,0.3269274479458581,0.3973359088086702,0.5267639043914983,-0.46479617710919147,-0.2172221844533483,-0.3780831800844197,0.012783584412278223
181232,2.8479225290056895,0.702626188350556,0.5261986903763427,0.07641975095422102,-0.6240212356594733,0.3492496293782494,-0.512937371154474,0.2163384544960378,0.4477510545428467,0.547606516214369,0.7656556109952776,0.18227373067989397,-0.27396552318002243,-0.9847236509216423,0.04219975771904891,-0.20736034611388196,0.09950150619328095
181636,4.426375782612874,1.143369227387699,0.6787771762014314,-0.05082002362893088,0.7461733582624351,0.19213610448089022,-0.12385697972664925,-0.6552853886108725,1.1667382989259556,-0.023564421552632043,1.412804770301576,0.39397828184090766,-0.06583194802956145,-0.009849238660410122,1.0777445329763173,-0.4288014344644642,-1.0938535682924226
182436,0.5980214818956564,0.3966214091424521,0.011034521380598647,-0.8711882896509584,-0.8171728657052342,0.15674337493472196,-0.03503103889331026,-1.0446174552703775,-0.006401509441043466,0.016052373297951193,-0.8505893039219711,0.14118565102650538,0.4348933356370742,-0.40127838414120254,1.0495234401306195,-0.7212588224524614,-0.3403232302716654
182739,0.2773914256782986,-0.5635423272187143,0.5707852211426291,1.6326127251692681,0.6605631653761331,-0.3081587933508299,0.46300368225521576,0.513770439865615,-0.59003093599739,-0.6445386495770915,-0.12133829927963334,0.43242186434257246,0.23379300733395916,0.36012905784578575,-0.016292693503733684,0.4133412964918821,0.3977782870273689
185442,1.4707374399124753,-1.5131169768284025,0.6088500102166656,0.0855795985112212,1.1651466453193902,0.3503711019399897,-1.6631996829873392,-0.5061085972484269,0.09362707160198112,1.2819834935587966,1.364039500331497,-1.3025944658674047,-1.4748041315893243,-1.4333872898380362,0.0837956433233768,-1.1253802152637034,0.7351426144008557
186949,-2.0582205816570958,-2.2697565971127727,0.0030888357492379606,-2.004131980894533,-1.064731107255287,0.12891030332282813,0.9587597800279614,0.19461431583035654,-0.004218905883936929,-1.599829402394989,-0.023457751678677898,-0.20281016370190036,-0.526862343749642,-2.018281458009235,-1.0485068666459245,0.18023568605628665,1.2535278392603642
187345,-0.4244514627417548,-0.46984753427540754,0.4056681739828879,-0.23590289251932972,-0.2961420113684094,-0.8063125245425223,-0.04204262215510829,0.5057214778102026,0.1925206866893212,0.23999286855370403,0.01529796807360993,-0.2733626083258919,-0.5503492083185508,-0.351882494952414,0.019317451602473504,0.8309448323003378,-0.13083948571055565
191033,-0.1007738463648941,1.1254588124874774,-0.5350327581294664,1.0255529529666976,0.22049289768301183,-1.0369232314589494,-0.13520165625913355,-0.3884679554191464,-0.6755982104740325,0.2599170845762814,0.6332163830054681,-0.3155663336311278,-0.2582939832867692,0.6071871203813682,-0.3959530582163862,0.010558787845139148,-0.23247593510173803
191336,-1.1564384052869083,-0.08054776886340231,0.2718858950366587,-1.0126166009680861,0.7575993817576017,1.893747008929763,1.1399636000684819,1.1897083357535962,-0.9962171051764869,0.6796671198945402,1.4502314129575025,-0.7477616152751562,-1.1013748154660834,0.1991224999089572,-0.405308925538843,-0.03044283900194903,-1.1115722957305476
191841,0.8839895663341908,2.0867887570483226,0.35960197665019283,-0.59648639117891,-1.4905962318865849,-0.27206353825762714,0.00779593015819865,1.0986967490758177,0.04440280706074677,0.03090019029314866,0.150689967468412,0.6132460212008395,-0.21141042494908238,-0.36744572795666836,0.7594381886694552,-0.8582237168888674,-0.5534076744508648
192439,-3.841237654511826,0.8623766732469412,4.025520082055761,-2.3013480349787567,1.0009506558733485,1.4488508850520982,0.13755050325240586,-0.864182697284635,-1.0233718282257556,-0.6792710921854873,-0.8548694536328595,-0.13767220556626977,0.7747589284200478,0.4241365677218599,0.5600414159790226,-0.6858539226455822,-0.5447160808171938
192641,1.2913833325275843,-0.9891525583039961,-1.9225302421559445,-0.0004750775713798854,-1.3316895878589723,-0.7525266132722114,0.5759073844194752,-0.226904898862537,-0.20172845133586526,0.0642800060975384,0.2182575499899923,-1.1946668241424019,-0.06330183993326806,0.24412021130394085,0.38014128860710356,-0.47049748073239556,-0.20997708732909992
193845,3.441888082442504,2.5597201674812653,-1.4730204510495635,1.1771410563926403,-0.5816044116205245,-0.2915301247038315,-0.3804533748401739,-0.4875022526492764,-0.5406420750102252,0.2989435869561598,0.7912021615847862,0.44659919937927883,0.12671640903129774,-0.07296695570158718,-0.09061683026186003,-0.5180524526584639,-0.09597379485847556
195041,2.501832546480771,-1.2598690817996878,0.09371657848780092,0.06147865049915398,1.3856353317183856,-0.6042130774639248,-0.5543009387290903,0.4643089248300066,-0.21723113191324328,-0.37894896655679805,0.7305199555889009,-0.11756403350111515,-0.8399968042915211,0.2706335373809757,0.1866911665079242,-0.6724542217294938,1.4741920158993165
196144,-4.262667948723049,-0.5301980075198263,0.24174695146516365,-0.2882875035317579,-0.6224869300400837,-0.3930669575712084,-0.3804231382533172,0.3338900231239036,-0.5365307198715412,0.5452086936691463,-0.17336995703658678,0.8385856783637448,0.2949245772001925,-0.3034833936810752,0.7289888050713121,-0.15709160387310828,-0.008850425525333144
197348,-1.0036622739299632,-0.48528405179883344,0.6156578485975464,1.6794413404492452,0.2979687074948745,-0.7301064781973544,0.025963688547314238,-0.12537471761866098,-0.039027570188182384,-0.32138417120505064,-0.3629923462409111,0.20839798734270418,-0.16275513782516893,0.138036988627184,-0.06614657616591707,0.8106481665755718,-0.5233980560419873
198653,-1.822084120544283,-0.5841202338261556,0.9179435474316507,-0.8223869516772263,0.6743163294910365,-1.0531063878621225,-0.7968184165141221,-0.7608698475363316,0.7022913084221335,1.0950579184214442,-0.5614054650719528,-0.4125559608624505,-1.2147924343961907,1.1077729853445524,-0.604118203568672,0.9156056493136465,0.6662501568486676
199655,-1.0285841838375545,-0.41798179874297864,-0.9005886213156352,-1.3906629918365694,0.6550526346834733,0.7867980130071315,0.05056437258374664,0.0505722161019323,-0.5006022166778635,0.10198547617236461,-0.3767781762847924,-0.8827654405489467,0.20402147418150157,-0.12920391300733575,0.4241492621525391,-0.37699120089178245,0.13720701744337438
200210,0.02807824428994395,-0.20349220542246113,-0.34419140959912536,0.6477082604107217,-0.7922812923386082,1.8662165990082158,0.14204894224129455,1.1471598216736898,0.5456927412357492,0.9089870992835428,0.409200439664643,-0.12288204728749363,-0.5111524225594979,-0.5802809468755508,0.2742044368762913,0.2334663972809804,0.08641333046410807
200311,1.0045157350233467,-0.1278622420203325,-0.021592421851403955,0.2812532709400704,0.362100521834203,-0.026755094933139194,0.4418917551092765,-0.168980774409609,-0.29153405819469475,-0.42545875131439426,-0.9320361163704144,-0.7223995877239894,0.531804555770218,0.6084128503542272,0.13452299019316424,-0.33208024302769146,0.0687589447942541
200614,5.017465590650627,1.5245052465532156,-0.12449265104542476,0.5222855998378756,-0.2072648814846306,0.7413912743854424,0.5533029594597112,-0.5092948124214396,-0.0628145658533611,0.46790594870993674,0.0277053638934007,0.06680396447802035,-0.8461502683934076,-0.5006034873351239,0.08832375205289905,-0.3469106760815795,0.002499819016215639
201515,3.8986783699870178,-2.0725687094709495,-1.0501644654838957,0.40251726586440534,1.4529682681734422,-0.17493663509977253,0.6094231530507871,0.11141218401897113,-1.3845123666571255,0.5367449110780147,0.44758242541522036,0.06425347235396696,0.10886153256603713,0.1435802107179436,-0.18365619262233285,0.4410338128261029,0.7736040670727181
203418,-1.9016840064626448,-0.364781822571065,0.18026157054858605,-0.7339757728964919,-0.4424012527727258,0.8578158233673548,0.0025966404342407322,-0.1721796657051907,0.17830711961016624,0.6021498438370722,-0.26693094134660555,0.4402614060656961,-0.16306542292175677,0.12062688556816718,0.7943801689957559,0.16853863462631535,-0.12235974993973481
204521,1.677980432761308,-0.2894876101348904,0.048406232264057374,-0.025136851640740365,-0.000271354816246458,-0.19651404808696835,-0.9043846479721818,1.7265979336382162,-0.6160550996775315,0.059493634948664074,0.7664116543304121,-0.285387466509221,1.2549779206559302,0.8177742383714849,0.4728255117561297,-0.5834981558714514,0.13550157406424465
205220,4.86656981427851,-0.16400775706472523,0.9988098058681011,-1.1746435903695696,0.41557557144456037,1.6428230896313238,-0.18218454214399737,0.24439924231427915,0.4390488031014877,0.681340363128215,0.03785390904118752,0.137705199216393,-0.4204149203544296,0.5083722663511414,-0.11596109725605797,-0.5426186579646651,-0.49945131955239985
209228,-2.2190105021709314,-0.10282800574907301,-0.8552441178532865,0.1270343986558745,0.14685131052816047,-0.1948442015230441,-1.120624055316351,-0.25310535301497994,-0.5412236213203708,-0.004077830991044733,0.10268901916221933,0.05161044866577716,-0.4566532510005477,-0.39979168288575917,-0.0617231438206709,-0.3901280510556227,1.014819127669922
212419,0.3211001691429253,0.23233005022116657,0.7482077491298634,0.836187704571479,-0.633523132846393,-0.23567222997112502,0.029071750954357878,0.3247240584462923,-0.0745087533221347,0.08905456236991718,-0.04785451667062009,-0.3297260293907474,0.556584851787536,-0.31656600795403317,0.27653724678321323,0.19380425432907483,-0.5802802087014786
214019,-2.4884582281997227,-0.6114433071725986,0.5012408642344565,-0.14267152577335113,-0.39535935706591746,-0.18234425719756003,-0.8908289476753967,-0.2131872810817552,-0.1751266347996478,0.22367493508276007,0.12694120296386752,-0.17632280973715195,0.15679994252572843,0.37300282335270607,0.32394388123662393,-0.7306292591884027,0.10812081062608214
214524,-1.158752318224251,0.16203936520170675,1.0843929974057205,-1.226420504497241,-1.3821385798579349,0.8454113524016167,-0.4874157877059593,-0.9567806658153696,0.2994043853622612,-1.6929397275119524,-0.44101252297692084,0.11576100408854784,0.17706200876363795,0.6940474935560517,0.3810380821610747,-0.6775653362847887,-0.9000761806674394
221319,-2.6659561051862353,1.0922130192208659,-0.06305047683947644,0.051283451439527936,0.9720818912250886,-0.27986695123898503,-0.6324208683453639,0.035605356652861624,-0.31158395247439546,-0.5750901575827776,-0.10698539597212922,0.19276652043507722,-0.097895124814365,-0.4678042727286268,0.44635868474276796,0.14350004206807984,-0.1444098702991781
233326,0.6691741390846423,0.3609139622082088,-0.2824590215397553,0.28880837974646595,-0.5802874034874157,1.3975293414960486,-0.13025323838267283,0.8826308692133579,-0.7086305684280741,-0.24466221462140236,-0.0177467059366746,-0.9223697237013405,-0.174515398862039,0.4868049826174535,-0.01401154671973107,0.10233029791549378,0.0695225133357582
239136,1.7971689101766017,0.31289376554769616,0.38167789963286897,1.6958769692275546,0.28798768658130114,-0.8453751109697212,0.030670586393859653,-0.3257517278588617,-0.8157007834687803,-0.05686457534559977,0.4052624742270912,0.8651865611449456,-0.2966331134031202,0.3558576940940631,0.19775652797196203,0.12125534131537137,-0.29422078179341987
246133,-0.7113934487781183,-3.43716304011936,0.13341248168710845,-0.2257616860886475,0.020649016927694747,-0.7426602359887972,-0.22360539815461122,-0.1975172331605887,-0.4787636767693334,0.47754329299923315,0.95766171338629,-0.02849586797793436,-0.35740699553550853,0.28914826869337534,-0.15788023402231108,0.8045611586079147,-0.2860325349973032
249947,6.161220396674456,0.7607957484124435,0.17807276678756542,0.622905534670926,-0.5719853399170022,0.05516709661291745,0.6168076035108377,-0.7605129820035171,-0.674068619612915,-0.07049568186807302,0.2815613023249439,-0.008660807596593042,-1.0812402836984536,-0.34617323254200655,0.14952192762034733,-0.10421391345531146,-0.32672193588502907
251833,1.314889354059824,1.6704809107819918,0.1706052802076922,-1.5749502637439943,-0.5356948506735837,-1.0279083254355466,-0.8255600924005488,1.3972811115778092,0.15981337080153638,-0.7458946419424016,-0.62432797550724,0.36622481757301784,-0.663885169272093,0.3537176088621105,0.8736562417490664,-0.2840790706007216,1.0404989835634346
257845,4.949645795481309,1.1755238986940482,0.21548383199281945,0.7160440005233313,1.1843172150879844,0.5029283694312402,0.09744709089359137,-0.1141102100892763,-0.4376353144900327,-0.4187388319921247,-1.0148785836886207,0.9057174357453438,-0.34070929950045353,-0.02686365716321293,-0.7957483775221318,-0.5606526966910899,-0.18774829688571962
263436,-2.1880289803164703,0.30014571110165605,0.6784178824370847,1.6303503510362916,-1.0549693077879323,-0.461601404964928,-0.0801954231196149,-0.4079494363225844,-0.30863035021584556,0.21190151163401347,0.0994684763985152,-0.2363886612147976,-0.14919685828771911,-0.356239562522571,-0.1853813721563391,-0.21118946663921315,-0.4963701266041497
283543,0.6071148326303164,0.41842755866561754,0.30095796086898347,0.9140964895526221,-1.1556574941752866,-0.9290512007637156,-0.21374901473531566,-0.19670729676144819,0.08088836214632808,-0.20252816128426668,0.5864584014940983,0.7270774725034288,0.5272365833830438,0.1564035543805571,0.13726044494204392,0.12267406283360338,-0.2463732458508764
318637,0.6007366989687511,-1.9985932097050119,1.101529320627113,-1.2357445738856447,0.6955467439167261,0.9382985325700595,-0.7012116370162744,0.7962080420716683,-0.8767082168351786,-0.43805421787744336,1.0705251504135,-0.4272050507878531,0.42158425025585616,-0.6177198381078676,0.48144418546969064,-0.0766856631829066,-0.5059538847413729
320826,-0.7128762464044172,1.4422924338478962,-0.21645865809322362,1.6734917995503389,-0.49774346932287084,-0.8754576490879173,0.09778572020574289,-0.47171982196951545,-1.3343529693910885,-0.26770646940258924,-0.7865731825917284,-0.4869265894637755,-0.32438225893333883,-0.034996061513798554,-0.08467361340567472,-0.08837550782817197,-0.48444589398507176
330324,1.201508370469742,-1.99383980767546,1.4735021689917542,-1.8611527750997832,2.847327675577861,1.4390998415075218,1.4085412881370272,1.0971919874245135,-0.3810829959557731,1.5326669271670252,0.031716970442772635,0.39277616664805154,-0.6336789789483794,0.531286399016064,-0.4711405124005568,0.0060445819269646,0.615748651297806
346137,1.6277917168200704,-0.15995628106460708,-0.09146658997967529,1.4334655108985626,0.5528524650579731,0.46051529162770444,-0.22455735882719324,-0.4712742908021103,-0.06965126296885962,-0.8654130180513727,-0.4008689246376077,1.2173934706107963,1.0922346101802587,-1.1795293885313103,0.5788982156416442,0.19859182881160342,0.1585372544175875
352738,0.8100349879888324,1.2074992594020575,0.664767087554499,0.28059808327339364,-0.6571845512143324,0.7295282775097727,0.2758084487420291,0.33503841656925004,0.027905671228829025,0.19308545530923957,1.1711697155881093,0.08237932199965245,-0.08574261392652148,-0.450104326958071,-0.8784831247137177,-0.6866743747340742,-0.3109771650199258
360030,-3.202720006290411,-0.8421890781950696,0.48993830441542074,-1.0978696018305338,-0.008034016956510823,-0.45058690015688174,-0.39428595781356507,0.7228850374647755,-0.3809335599954557,-0.3182182702671069,-0.018707316338347733,-0.5189881294272792,0.4107194726368857,0.2341509085816995,0.7072234508216351,-0.013264560048825659,0.9510417869620348
365343,2.044031259147748,0.8033485235652514,1.2756568470216891,-0.1340079928855972,0.23587862512679428,0.4254119114377909,-0.673558407667945,0.5598381667566663,-0.24439085856830767,-0.025528126628106076,-0.4932222173966801,0.15771124047076907,0.6619323660808046,0.5866877541992507,-0.5103372514806805,0.5433006781800597,-0.38350529910720077
380036,-0.6445018554289377,-0.5676376432994845,-0.7453009815439806,0.46800337776550843,0.17721710105451344,0.21664704512772665,-1.2721598920649742,0.37046845252177607,-0.53198820158178,0.17965811640714627,-0.13021570924378403,0.2576942484461094,0.2644359435546284,1.148410206346925,-0.4721576717559464,-0.3546643324782737,-0.006441305893383415
381038,-2.4091319583094224,0.5423956651859121,2.454085274188909,0.14108506487082498,1.11436482814959,-1.229580793514993,0.42572529445320967,0.1634206520214006,0.08421295453496006,0.04873091553680928,-0.7698966533207261,0.6019087772380839,0.9649489277404079,0.4336752108761981,0.5922398568169417,0.243046542398546,-0.841017030813311
385046,1.2855144104946734,-2.6426016228833547,0.16775608025824917,1.4195631306407912,0.1392061779410543,0.1566712727072945,0.6364370499867619,1.5855114391395637,-0.7907068954901387,0.33528581591801726,0.10503121211419732,-0.5325923391937453,0.28311623356220406,-0.1198445165337216,-0.3266754872506211,0.19203960397024625,-0.6943856517463206
389357,1.8371329489645594,-0.5093129363395652,0.18498946504074457,0.006795523604527977,0.9193170035889899,0.21536329699356696,1.1047378575036249,-0.9242015337308798,0.0474236096399966,-1.0368837892864398,-0.8749600035492854,-0.015990391304913473,1.0709673768191634,0.02070141212884011,0.14388304322375628,0.5056884296032932,-0.25871177690751757
393247,2.628570519839959,-0.2141852297297891,-0.027225355779052413,0.4510978542148664,-0.7054346738911279,-1.2970170121176585,0.15263920059555172,-0.40139184839676173,1.1138046411029376,0.9647607474067835,-0.38453940902830713,-0.9665976515881284,0.4911371424266864,-0.3526996204821965,-1.0593870490309003,0.1723208826119074,-0.356969497194818
395756,2.651168656687458,-1.7683798006647298,-1.0973790473068763,-0.4537164468211424,0.3709552407820639,1.3085439001475796,-0.4692877647791512,0.7083169885997354,-0.3639908648666176,-0.36972545274212504,0.09866046684360388,-0.9554907044114104,0.8003143411168938,-0.21312049950278655,0.1021964862457137,0.67070296876559,0.012833873878670346
397760,1.1496918132026366,1.4816711169481975,0.7502935808161446,-0.43104213813142933,-0.4946049835360654,0.4099062012768653,-0.4994925836848711,0.06326844599222434,1.2634081032546178,-0.1336150327839131,-0.07595965103675249,0.6756855722056081,0.444965081188838,-0.2966571007769342,0.22894322780648443,-0.11307336338192948,0.44823204202992567
401422,1.1606030583351399,2.2050189423332025,-0.3400177368545485,0.42932884078138434,0.39327406048343116,0.08207202744864085,-0.6081545658004568,0.16352483095118966,-1.6802311276948296,0.5000707151134027,-0.003961593257044634,-1.3510940706378545,0.12005562547052508,-0.724056677721843,-0.7078646871778075,-0.16476082366479575,0.050294748820096234
406836,5.7149724507953295,-1.049175526119355,0.7904883900537086,-0.1547342995845714,-1.2865756233187948,-1.2389630909029445,0.47401789158899815,0.43277565929647616,0.0041981765836308985,-0.06872612763926776,0.20486368855286496,-0.5511343499585687,-0.9507839096370558,0.47827535604489724,0.28597382278505007,0.21706779636263981,0.579617418415511
412528,3.6973336426915573,-0.8699735148780446,0.29290445054469066,-0.8855169171858577,-1.2003078177703366,-0.44619767798749177,-0.9657331569838963,0.31268046718054354,0.35889811357249884,-0.4775734852615407,0.4612478255200427,-0.7148178169078587,-0.044383685559832936,0.4850893322464501,0.10142307783193685,0.5997483006746066,-0.1469187779742384
429040,1.562910680193362,0.9418207227317839,0.739753646070756,-0.12147376345097213,-0.7070120753128256,-0.3040750056246169,-1.4856464102311726,-1.1906026577052304,-0.21590806966958884,0.008324199234914752,-0.2779874100547588,-0.38042132940632273,0.5023259575562398,-0.1339042201863344,0.1383088891388535,0.5913625902826081,-0.17309966692089435
436845,-0.9810859760446896,0.2694878586123457,-0.11866569717257917,0.9981417393915962,-0.6436979475161507,0.12000395687857743,1.4212642994785996,0.24370975410796483,0.1774332903098963,-0.2326601791486315,-0.46306131052093996,0.5071439366802114,1.3388524879799957,-0.052262620538050586,0.7710153273312347,0.5068159968202679,-0.34358663643044796
463040,-0.14825490879174286,0.39815157634854004,-0.6212747817111722,0.6648006591127164,0.877945462622612,0.5708635860915643,-1.2303077270217468,0.652095041912725,-0.5011571498184783,-0.44617414851823994,0.26070138687037275,-0.6637562991964128,0.28721822699438615,0.6753978054111488,0.2238434350349993,-0.37796192587489696,-0.15012955029574065
467351,5.578833206450079,-1.0186306208547915,0.5732883717961216,-0.36247404658983834,-0.4190156792068854,0.4527351624232893,-0.34183492375669206,-0.2641258057638466,0.3039020059999605,-0.3597287762727534,0.6547306273407134,0.08738632649307732,-0.23748778231028914,0.4600366806265358,-0.06332468457553479,-0.14745568403264353,0.39093972530197557
473952,2.2994375300358376,-0.9809101418656067,1.10920491345721,-0.16955527395384817,-1.3878039216672613,0.6336530742059028,-0.9976187489403181,-0.9065505682296443,-0.1476348080879704,-0.6818311356845415,0.005557953442008046,0.21963875046747958,0.4441543960539555,0.39815047306980306,0.41163263981384396,-0.6083495002994231,-0.15545321472757456
525541,-0.41846402783335473,-0.30427272173802106,1.1267816435140756,0.16934920547100954,-0.14810406390574732,0.8610779963934991,-0.5086546692058107,0.30857503828138905,0.9701665922561048,0.9633021075628515,-0.2855405961702213,-0.738707522118937,-0.499931540472846,-0.8777352048158608,0.3094950960339433,-0.7999128052926167,0.2666517589732853
536647,0.8928085579970813,-0.9837519183584092,-0.24581317244315717,0.006788319120799544,1.9611550842786836,1.373266133276052,-0.8917089999973048,2.1455145744555457,0.30478651205993795,-1.6429883312245788,-0.16816753186272193,1.2570995235696627,1.5212384255433273,-0.25462095284314673,-0.2671794253230167,-1.0951121676361282,-0.18621226628001677
541943,-3.629588860027353,-2.2509531621671472,0.024843593806977725,1.3956503436737864,-1.0861676408573044,-0.23683425187308838,-0.08047249002836342,0.6026007014845968,0.6722040437428076,-0.36823636022555684,0.23537843973127814,0.9034755697368604,0.011166258614350987,-0.25581010219965594,0.21968426285224063,0.8011484463716525,-0.20171347189639185
547046,0.4069550234058313,0.3703024737892074,2.0822669588582086,-0.34298481209907977,1.3514622594797299,0.3658604412632469,2.2865015865677143,-0.385745494822676,0.03535340184627271,0.0744905016419977,-0.4572024788469371,-0.5111610459768687,-0.3930171168620083,0.1986687568559774,-0.2512945842030238,0.008168394897071975,-0.5740606436374757
550439,-1.45447702728502,-0.0026248786738426824,1.1070735160204612,0.12969237943250822,-0.808318351777235,-0.7311026979610251,1.5520478989887727,0.8921729236986723,0.310606743666916,0.16459691375676985,0.5927141326186218,0.1893435838194731,0.6637426164010874,-0.25321166737269396,-0.18128398598671921,-0.9656960024984099,-0.17729304535988666
552241,4.176315477101522,-0.2362751298120951,0.1380914753679318,0.16397064553582802,0.23361810127903956,0.6498326315206955,1.4273536225395662,0.7025793391451292,0.7503071840247348,-1.4549595915407123,0.5203501873984432,0.5052637646871093,0.12577530652884433,0.034695231843187756,1.2683815541936074,0.18035959562932982,0.16112221651815192
562345,-2.0683767730788127,-1.7140336391789548,0.7379790863055864,0.44200357682858843,-0.2419836654653604,0.5479857844365987,-0.4736349171584779,0.7829345474949904,0.755660797653008,0.2813940969837987,0.7504773958275482,0.6598186717535857,-0.27907710769002164,0.0452120409952934,-0.3377920565106889,-0.4188012988921142,-0.5495015737653813
572045,1.6150727508779719,-1.0086334828838799,1.9287356184693731,-0.8821264903933085,-0.3678829115453962,0.9376298185184998,0.691609178771581,1.5093239960424,-0.28491529038654934,0.03931489649120617,0.6280502412227327,-0.6348922949145511,-0.6763587421620735,0.021036762114299844,-0.2670559514154261,1.0982190541279222,-0.09832087955362391
573249,1.3611390273343853,1.4804642563109687,0.4838920774214534,-1.4787296370862024,-0.6748738431517801,1.97001586028863,1.0066679417241133,-0.31183523277417835,-0.017644054857101632,0.2602500795351955,-0.4602886631951812,0.23095432009095412,-0.35066784772397974,-0.9378997617133915,-0.20745277922705904,-0.46838194389281873,-0.3899998979746008
581450,3.599631429988892,-2.0201808002669286,0.056605025505421167,-1.7863682179704703,0.1332246714929282,-1.5824953201164627,0.2727836065499455,0.035641180592665044,-0.4609118626385171,-0.08420308280698956,-0.510770120115735,-0.07386716559462525,-0.20391444035797374,-0.6513094675478585,0.4848186777067871,-0.07539601555055078,0.23250717161554324
585256,-5.0200519635247325,0.42692813851614614,-0.8373050316069108,0.0741124149897259,0.8592666360699143,-0.8138836550483883,-0.45609031447525583,-0.4821832117054158,-0.6325423649583323,0.14090140748431934,-1.180540299359876,0.6729528728931251,-0.7751902357251005,-0.03686431355570131,0.14681990262955816,-0.4177481845463284,-0.5971972241665532
601127,-1.848875332363561,-1.2459298785934019,2.8611919636278995,-0.634212390522431,-0.16540216897132687,0.21523718357949898,-0.18683853278757032,-2.0108250612106295,1.0912674837395104,0.04956409563596506,0.1734385468121589,-1.2661891655668722,-0.08215754705563581,-0.4500379530135834,0.7981101594060838,0.2595159149090189,-0.07538345547358988
617748,-4.309526295778654,-1.131178212832492,0.5093195439332983,-0.17112985243020537,0.0010650447239472533,1.234415299400832,-0.13473682818225152,-0.3087290586468923,0.29800754999525986,-0.45797584591761403,0.33456138804346325,0.8611847889469033,-0.3851151219502934,0.31623877390747096,0.2981083678797617,-0.1218142174699777,0.019453166150106258
627549,4.0387387775899715,1.6062182141495376,-1.3098584161553615,1.8528009297516694,0.3432454736854127,-0.5390852966613005,0.08488874885178563,0.07110985489272957,1.2811970307761853,0.2081568861459925,-0.09503085975726004,0.5729472561679081,-0.8636636100434656,-0.27619276228594614,0.7280290576027555,-0.5810655174592576,0.536601310426003
638049,1.156532150468594,-1.6990401685776995,0.8996078316457391,-0.21090297599212077,-1.1094829033876494,-0.11830224432912773,0.21281657622136269,-0.10569364234967749,-0.017165594246207005,0.4769251896482319,-0.4745277192561433,0.02971821855633454,0.3718153629071544,0.5403077752272218,-0.3427317611851276,-0.6886094795405486,0.46907623919932645
644246,3.568296549760242,-2.204666272988156,0.910300867621856,-0.20908711605768532,-0.08482951606224975,-0.8143683699130715,-0.2772894528328062,-0.5768670328578291,0.906282781484745,0.0642677425561111,-1.2865028400251917,-0.7702017858792473,0.4532073299044241,-0.23431494013845233,-0.5794452286903462,0.10463027954858234,0.21767094637016263
654552,0.5978032034165448,1.4375482538022568,0.7242340852950526,0.529343951623065,-0.2544340817458384,-0.10107375845331916,0.3432749979974004,1.6532360063654843,0.4936071122619809,0.016374485363192137,-0.4593384104025824,-0.16945351275545106,0.30644532875832453,-0.36263061697273113,0.6440020856585987,-0.43783118467358184,-0.23918622748018592
671855,1.8006156450412176,0.28827797711046016,-1.2217700788477772,-1.0448345787633948,0.4549250530939562,0.8928572876369687,-0.601519952151259,-0.9875794367274673,0.1171809469561627,-0.09521169514899576,-0.03549718466530246,-0.1760372568560165,0.9261340587661758,-0.48766548621488237,0.501448635290898,-0.3184525455511477,-0.12612222048051921
680957,0.018588209228874362,-0.31201176789884133,-0.8426769139731561,1.9662880377515797,0.07833761424504695,1.1595289862032945,0.617708165666111,-0.5523134688586444,-0.05519773812888855,-0.7372668187722334,-0.3567022881800649,0.8846486185657959,-0.6555792447681349,0.584623086479648,0.1415827150225676,1.135188470066802,-0.6929839634675562
690152,0.13968480801610467,-0.4098724821598261,0.16367028484666887,1.4990863730176638,0.8675968019251578,0.8922487010145096,0.11451729757827887,-0.46877850869134524,0.4736227132478409,0.16245018669982877,-0.4229275849633732,-0.5380190927936309,-0.42588194870002727,-0.00843675234184913,-0.30678796730075564,0.23919340809404666,0.3763640393779497
706040,-2.6927161445442476,0.5828963180827877,-0.49218058375875723,0.9405477737908376,1.2109958235177356,-1.1007995707549563,-1.328738947529375,-0.6796145165088397,1.0780401932231116,0.5021224055066383,1.1091964576954196,-0.2692471783178258,0.28601680064607676,0.35675375716781077,1.2487634765649585,-0.35761365160639,0.36475572728613925
724446,-1.4563752557041507,0.6756685467321303,-0.2831981586915391,-1.11197456040698,0.3877483975674111,-0.6734693510788518,-0.25104040699218544,0.1402785325527278,-0.7105958183061531,0.8342776058725813,0.3911865833827849,0.24771498990629612,0.3013644968607251,0.2334554158530111,-0.600446678253328,0.35254143042944774,-0.2686838002826445
725751,0.16623174797425438,-4.6999848786336305,-0.4898141667724654,0.5649383140085714,0.3144918583541502,1.0722515471721286,-0.05886055802676584,0.6862147935381842,1.5777272920441598,-0.6016227229894409,-0.8584000276770263,0.39543053608814477,0.4674798922631321,-0.2633462419580144,-0.012012358286556274,0.9209172512779539,-0.46505881061742893
732243,2.6654176611495526,0.6077356606929784,1.1825577840215609,-0.19426804127538583,0.3974053969959076,-0.7205721886649216,-1.2273405599710387,-0.6426668145951547,-1.3715199684475836,-0.823889637716647,-0.01805572228372772,-0.5953533999706562,-0.14749108401074826,0.25822658512187013,0.6438916328504777,0.15541457280521082,-0.1469527819022117
745555,0.8757421959744973,-0.725841042691156,-0.5816553911452218,-0.0409631117691784,0.42096273225342973,0.5549747531254021,0.056694590418584566,-0.009267506513982112,-0.346995406966146,0.12134405182657598,0.29263779141889384,0.9272117972428948,0.5307172971818419,0.3620543686674968,0.40087013822281686,0.08116690895734087,0.34950781574626216
751550,0.8128658222546971,0.10160304237934427,0.3719661842476322,-0.9299132883215,-0.16212488302946093,0.01775992894166519,-0.41673933208195757,-0.5445808617872436,-0.6122445753165829,0.04661220856287434,-0.8883283162616823,-0.9071392058244258,0.3498095229656017,-0.5864359645343111,0.8902138808920496,-0.0877866549048198,-0.09899121025034256
757764,-0.7615838584130654,0.13135382189216352,0.8621569910321333,0.8373951303340401,-1.599438152193473,0.027094189514337667,-0.8777458282682516,0.7697240320332528,0.31229893722170204,0.24589884121068448,0.6115082963632055,-1.5770392900297494,0.7966065191528615,0.5261926463090215,0.029792750102592146,-0.3711714594271999,0.2945434447806338
765864,-0.6817391687423753,-0.1065371171119447,-1.5152821239186742,1.1102352551670411,-0.8030504060193193,-0.08472519646423077,-0.10564869456935634,-1.1813509371658544,-0.5580953321874622,0.4292099760327176,-0.17130954783828495,-0.9765493028882294,-0.6797856956148797,0.032889060870825985,-1.0558933332537719,-0.7054397750457098,0.39853246588393965
770352,2.3003750378104777,-0.2714328312074856,-0.38011340309115293,0.6923699901405126,0.47119962114918995,-0.7199464982251585,-0.3813359982218966,-0.9553875024487738,0.026499562672208855,0.16809835352934083,0.2574050340707553,0.1642705988047805,0.10015226564346794,-0.13564925086335589,0.33210014025972057,-0.5497146423785578,-0.8780826556322606
771354,-0.3602337282934412,-1.4547851977627293,2.0419455165245775,-0.3617529736113301,2.18486813067932,-1.985873544356175,-0.2136339112883709,0.3367516726247406,0.4952876722974144,0.36524403446049286,-0.16101151242696157,-1.574195165530752,0.8461651953600636,0.17798240685906228,0.6698851189291253,-0.03797072289476064,-0.7180041654884717
782561,1.4710966894706135,-1.943907108053072,-1.2223388160199777,0.7153552318512894,-0.43003725704033957,-0.5060429083454866,0.2725510019304736,-0.9075940311784542,-0.09916279333473971,1.0224176556145523,-0.4554311276330282,-0.0278295651958883,-0.41659501659641623,-0.4118459177925404,0.00325448530692345,0.024667284071166647,0.05969929765325172
783462,1.1915849459439942,0.21283674346633105,-0.27601222415691906,0.9244811584494143,-0.10317536935361285,0.10491997102779803,0.22820991970368704,0.3533023841454263,-0.7980177824886449,-0.8085953845978352,0.35482961053905027,-0.2203052526722435,0.17331064002834445,0.002703969072083819,0.5874572557882831,-0.38784174420196255,-0.20858788124137848
789373,-0.581442210989652,-1.663459801218784,-0.8083032093622864,-0.37937180537525483,-1.6602875511274806,0.4876438388695995,-0.20474600151668815,0.36386438168656604,0.14712924576033334,0.17498552393385275,-0.6423466850821253,-0.5078755952408067,0.019953304897303868,0.06829267347713613,-0.03863370282828758,-1.2034625878640053,0.28296896244523306
814649,2.0909379471799756,-0.03746921242038707,-0.6012001006633546,-0.9033191806422753,2.1513879872694672,-0.1623175972304318,-0.2510813189342004,0.8211062673187377,0.05500978117126956,0.4847511621890035,1.148376985007944,-0.1542249615170553,0.20867483695474448,0.10801234693709137,0.24771942971804023,0.29082958211447246,0.3670302944455727
818859,-1.9564248704680733,0.3656910920041805,1.2912146027961464,-0.6886126013849381,0.430350429946614,2.6221660350401996,-0.9139398392774015,-1.4118994983179296,0.8844609683030674,0.6360196134513653,-0.6615905574625243,1.3236609669630752,-0.860933737183705,0.4421935907371605,-0.6620729004742195,-0.9881074883330943,0.417210060786506
825048,-0.843227892500066,-0.29837007059173315,-0.5520476010994568,0.6045985092037405,0.5453552983838036,0.4522838004103563,-0.919285333246954,0.5946653327040529,1.1078112002538163,-0.24700321125698507,0.70043233005917,-0.8392459610697075,1.8886527618809532,-0.19579154680636385,-0.17220845412417068,0.5887359875999247,0.2702776916281532
826353,-0.8042493899810397,-0.16678697698945177,2.774113673179192,0.450138262637601,-0.09816569367336449,-1.4338425648257207,-2.3733217217427587,-0.5218208597203641,0.2765212179810905,0.67593692080388,0.5279887961677857,-1.1497075748205177,0.11506777259487676,-0.17361216580227387,0.3969255189891096,0.3457580403081594,0.15359827159959127
833249,-0.9781162749920812,0.16831617028165072,0.1112230261472183,0.9466421333122557,-0.5138497164540735,-0.011677284281020169,0.2563910086121421,0.08606489177947986,0.24058824501160422,0.5112423112241398,-0.153400444409289,0.7682033709285504,-0.21479925614991224,0.5612046013130455,-0.05689256428514515,0.11259153882462834,-0.19008554046403162
859671,0.34511194574364584,0.12358059901446188,0.37765938506232616,-0.28668159474467997,0.5769060358439113,-0.5157847509807172,-0.2269846764389324,0.3252550856807428,-0.12194539648085234,-0.3990548926585486,-0.3045721613668961,-0.05362613021942074,-0.08467287281147828,0.20396016393896063,0.42423101431584465,0.5552795740176132,-0.25301917015180864
861456,4.123588991567456,-1.5551692359321372,-1.4092844686927573,2.19242875393491,-0.2979602681528536,0.6039608303936319,0.5637655100770114,0.06347287129171507,-0.6676920311818783,-0.7459040420625589,0.5099587826927685,0.9511235728733799,-0.5618974833778464,-1.055775221705878,-0.37327950894037265,-0.3425935213038253,0.5426092549171887
871762,3.021284627488925,-0.19599492448364852,-0.24525087372011792,-0.7426347617298243,-0.3059151401776547,-1.0671731500005017,-1.3643425922985373,0.6661392997102533,0.37010226047320705,-0.8519034787040254,0.40332911013307643,0.5049370171739255,-0.6423941589045312,0.00843410594741859,0.6865229693085118,0.11017109952439216,0.725481059169288
872764,3.2026642095474553,1.1519156223208198,-0.6146120629215279,0.5373966291158092,-0.5137494488410445,-0.3850292093756523,-1.0297573818877215,-1.7155790046773978,-0.4142593132256052,0.0721919477523325,0.11074714528601855,-0.5315633006842205,0.2000386630564191,-0.800444745506449,-0.1930736136693902,0.2770178413897339,0.06237468331839587
878776,-0.5792287850271494,-0.012776971885446506,-1.205717187790029,-0.19335771738284824,-0.4225145533708715,0.019465008828409337,-0.6092262252254493,0.7807467934103028,0.4692638044068916,0.7762495101090982,-0.09260947026990142,0.22667183425895568,0.6062797008795588,0.03519392709210944,-0.8224109963919184,0.45449833545733315,0.32640337685132514
878877,-0.5114922480612993,-1.72874436582444,0.6918718550409787,0.09988778259321887,-0.367021992881283,0.14837076821577388,2.4317319463787928,1.3101653896296468,-0.2930424744045769,-0.007311082970770412,-1.8848450191942085,-0.45611477555337415,1.526821192385183,-0.29840765272008446,-0.576379640640502,-0.30643648842062454,0.28519665666022975
898176,-0.5201538235384662,0.16136916617768046,1.7072079865201204,-1.1329694291108434,0.22297651443650365,-0.5898774965274081,0.4785996147898834,0.4874458472266368,-0.8569303131721173,-0.038193013691052644,-0.5844245477522286,0.1835341095460023,-0.26979318525229967,-0.12611932983829932,-0.5897532605635338,1.0140800007241024,-0.4417149150570979
899885,-2.838371848965569,-0.7873935411077638,-0.4296661470741851,-1.6328756815387027,0.47050051695103695,0.23937756784010722,-0.5456541775184205,-0.45002609818770556,-0.24740835278054413,-0.18400367434080392,-0.35247021060913625,0.11005442823757547,0.43138172985672785,0.1759163946947172,0.32690499458473216,-0.6556205769399555,-0.4549890415248541
901139,2.344626833476229,0.8146751488869286,1.818723916754148,-0.2930154105062986,1.0090540124252105,0.053073203865032496,0.5441335607679573,0.8536770133582858,-0.1269677627080183,0.28221052110301875,-0.02918468878609714,0.13382336463157884,-0.36356501646463174,-0.4253603331751227,0.0008177648015615082,0.3155471481228082,0.4972430201652483
901442,1.5812443160070524,-1.4230413801629096,-0.2624905201638119,1.9862162269298351,-0.9030580132135984,-0.7842860127148774,0.6711326644549673,-0.4960293892370755,-0.8543112640311353,0.1249615523132087,0.7270732596796156,-0.24534900852863367,0.31215208310045944,0.25103139415632775,0.05929841220169276,-0.32442228897054576,-0.9793466852727416
905147,-0.5987735802466153,-0.9255065719766773,-0.20004489591634775,-0.27157819270821953,-0.9550717265977174,0.12655877575824911,0.7001500073863627,0.30521125578048786,-1.00625447879201,0.8343324498842051,0.4968725860407302,0.6482827288635005,0.21917175841905936,0.721503068615819,-0.04778848502206766,0.08693721878224402,-0.14860344319472307
910241,-0.45272440312415163,-0.2943902768882599,-0.8095406874629811,1.5191684058414487,-0.05605401320262745,0.3159760764511899,1.6075834200256283,-1.015268225301333,-1.2370959141860711,-0.5135815087158222,-0.7738672361296833,0.5354804634796678,-0.051103937494777575,-0.17588063837137374,-0.10946823346400132,1.0636879659094522,-0.12717674540557006
926862,-0.726939074481686,-0.9288555477482245,-0.4642677249008447,-0.1845646594105354,0.4932909878483823,0.4423267691384198,-0.7721570906127678,0.24824927390803314,-0.8914240238130583,-0.007542435405207845,-0.11037234807411804,0.04803597032273325,-0.11147722575200103,0.060346386918552784,0.220456668015375,-0.5562688623731716,-0.46465811115082006
927359,2.8341369833423133,-0.18597643151425505,-0.5876240219924008,0.4941643242083762,2.059639040641306,-0.052184234731021635,0.1978030429762579,1.008114018766223,-0.5899101795547819,0.8727707874731203,-0.3040956409226351,0.1408369097898649,1.3623678565994752,-0.06847306997728049,-0.12315207323393497,0.2883323376564527,-0.011545163349159927
942658,3.1566677785910007,0.917640754990861,-0.39005533929476865,0.7637445606240368,0.8335422173686615,-0.9828591480600095,0.4455437085852377,0.2463557605664687,0.785267657492056,0.5051136625638304,0.8077029200866346,-1.9344739841103071,-0.4315485629370542,0.17542614144182403,0.6238000227781526,-0.11356113950918921,0.12781296400476885
943862,1.7315439401026682,-0.9153332184724969,0.8259421898415001,-0.7244466394115346,0.5208621040923365,-1.1079197087587176,-0.36183208740339323,1.3261832678801817,-0.27523443998550273,0.10397601655983447,0.47257536264884653,0.48485744047189394,0.0511834808928274,-0.060905352018915275,-0.3069527587819395,0.4392704223649935,0.2321043341482247
951457,-0.6124862806160347,0.08665848681331431,0.8053973782134516,0.03495448547435986,1.614800525526332,2.20371151222181,0.26734605826013547,0.06566816052215779,1.4514472105871468,-0.6426916171606015,0.6704552521788398,0.2458625037272984,0.3736169382634767,0.6218038722718122,-0.40642893886284837,-0.07327085027344145,0.5374646092199497
958976,-2.9653179548084267,-1.0542544231801205,1.2021998337215343,0.11644216981713329,-0.3402077806393964,-0.48013737846336396,-2.297497522078845,-1.1179001458865987,0.03300856954750011,-0.2576231816919658,0.13144478958863312,-2.3077148338402136,0.072368839622217,0.3946226058175999,0.4676939106323227,0.031770014007811355,0.5711923610902607
966975,1.1518973462486515,-0.7113971893968584,1.8988015794582855,-0.3991868163180394,-0.3854944937000538,-0.37636454368223277,0.9800515032176769,-0.2811163964752398,-0.6353209851448084,0.33081319827918076,0.30116879835114185,0.3032253592324789,-0.4186387869513065,-0.36900060733150103,0.09840741483946643,0.42247123887487764,-0.9084612227997451
971160,-3.066821412303272,0.09194104263210912,-0.16713734187460016,1.87772297401825,1.515758009255225,0.7429585527558087,1.2906205518130986,-0.2960812905341258,0.8216986776452336,-0.34503103451943495,-0.3877214718046175,1.1061715522453377,-0.7135116232014797,-0.800506545914873,-0.5026162860098362,0.6249097402155546,-0.6111157089142799
973770,1.305456109289265,1.0101065076661722,-3.1722803226151046,-2.2338558380303613,-0.8236878850791629,0.7409354285553479,0.7752402461516968,-0.8596734081745422,-0.20747812660058162,-0.669655200722809,2.2126945912442055,0.18984476494163233,0.9575474802831876,-1.1794867966207836,-0.1431787550932499,-0.5625577987473579,0.20319378856121012
995174,-2.258310988709111,0.7814016223187907,-1.554532669584141,-2.929469381806923,-0.350207380482843,-0.9597177845764211,0.5129917951824494,0.9627339992204534,0.8504617815648062,-0.8561937545170785,-0.16626895648198817,-0.523977521191871,0.03212083478343136,0.08757373920076184,0.5904270055340419,0.18902681437182403,-0.993404911994062
